/*
Navicat MySQL Data Transfer

Source Server         : wamp
Source Server Version : 50714
Source Host           : localhost:3306
Source Database       : train

Target Server Type    : MYSQL
Target Server Version : 50714
File Encoding         : 65001

Date: 2017-10-20 20:30:15
*/

SET FOREIGN_KEY_CHECKS=0;

-- ----------------------------
-- Table structure for map_place_station
-- ----------------------------
DROP TABLE IF EXISTS `map_place_station`;
CREATE TABLE `map_place_station` (
  `id` int(11) NOT NULL AUTO_INCREMENT,
  `place_name` varchar(255) NOT NULL DEFAULT '' COMMENT '地名',
  `station_name` varchar(255) NOT NULL DEFAULT '' COMMENT '站名',
  PRIMARY KEY (`id`)
) ENGINE=MyISAM AUTO_INCREMENT=27 DEFAULT CHARSET=utf8;

-- ----------------------------
-- Records of map_place_station
-- ----------------------------
INSERT INTO `map_place_station` VALUES ('1', '武汉', '武昌');
INSERT INTO `map_place_station` VALUES ('2', '武汉', '汉口');
INSERT INTO `map_place_station` VALUES ('3', '武汉', '武汉');
INSERT INTO `map_place_station` VALUES ('4', '北京', '北京');
INSERT INTO `map_place_station` VALUES ('5', '北京', '北京西');
INSERT INTO `map_place_station` VALUES ('6', '郑州', '郑州东');
INSERT INTO `map_place_station` VALUES ('7', '郑州', '郑州');
INSERT INTO `map_place_station` VALUES ('8', '长沙', '长沙');
INSERT INTO `map_place_station` VALUES ('9', '北京', '北京东');
INSERT INTO `map_place_station` VALUES ('10', '北京', '北京北');
INSERT INTO `map_place_station` VALUES ('11', '北京', '北京南');
INSERT INTO `map_place_station` VALUES ('12', '长沙', '长沙南');
INSERT INTO `map_place_station` VALUES ('13', '广州', '广州');
INSERT INTO `map_place_station` VALUES ('14', '广州', '广州南');
INSERT INTO `map_place_station` VALUES ('15', '南京', '南京');
INSERT INTO `map_place_station` VALUES ('16', '南京', '南京南');
INSERT INTO `map_place_station` VALUES ('17', '上海', '上海');
INSERT INTO `map_place_station` VALUES ('18', '上海', '上海西');
INSERT INTO `map_place_station` VALUES ('19', '上海', '上海南');
INSERT INTO `map_place_station` VALUES ('20', '上海', '上海虹桥');
INSERT INTO `map_place_station` VALUES ('21', '杭州', '杭州');
INSERT INTO `map_place_station` VALUES ('22', '杭州', '杭州东');
INSERT INTO `map_place_station` VALUES ('23', '杭州', '杭州南');
INSERT INTO `map_place_station` VALUES ('24', '成都', '成都');
INSERT INTO `map_place_station` VALUES ('25', '成都', '成都南');
INSERT INTO `map_place_station` VALUES ('26', '成都', '成都东');

-- ----------------------------
-- Table structure for order
-- ----------------------------
DROP TABLE IF EXISTS `order`;
CREATE TABLE `order` (
  `id` int(11) NOT NULL AUTO_INCREMENT COMMENT '可以作为订单号',
  `train_id` int(11) NOT NULL DEFAULT '0' COMMENT '火车id',
  `train_code` varchar(255) NOT NULL DEFAULT '' COMMENT '车次',
  `from_station_name` varchar(255) NOT NULL DEFAULT '' COMMENT '出发站',
  `to_station_name` varchar(255) NOT NULL DEFAULT '' COMMENT '到达站',
  `from_station_no` int(11) NOT NULL DEFAULT '0' COMMENT '出发站在所在车次的第几站',
  `to_station_no` int(11) NOT NULL DEFAULT '0' COMMENT '到达站在所在车次的第几站',
  `start_time` datetime NOT NULL COMMENT '出发时间',
  `arrive_time` datetime NOT NULL COMMENT '到达时间',
  `seat_type` tinyint(4) NOT NULL DEFAULT '0' COMMENT '座位类型',
  `total_price` int(11) NOT NULL DEFAULT '0' COMMENT '总价',
  `user_id` int(11) NOT NULL DEFAULT '0' COMMENT '订单所属用户id',
  `order_status` tinyint(4) NOT NULL DEFAULT '0' COMMENT '订单状态，0未支付，1已支付，2失效，3退票等',
  `order_time` datetime NOT NULL COMMENT '订单时间',
  PRIMARY KEY (`id`)
) ENGINE=MyISAM AUTO_INCREMENT=4 DEFAULT CHARSET=utf8;

-- ----------------------------
-- Records of order
-- ----------------------------
INSERT INTO `order` VALUES ('2', '2', 'T147', '武昌', '北京', '12', '20', '2017-10-20 21:31:00', '2017-10-21 10:52:00', '2', '6263', '1', '0', '2017-10-19 14:52:55');
INSERT INTO `order` VALUES ('3', '2', 'T147', '武昌', '北京', '12', '20', '2017-10-21 21:31:00', '2017-10-22 10:52:00', '2', '6263', '1', '0', '2017-10-20 12:16:00');

-- ----------------------------
-- Table structure for passenger
-- ----------------------------
DROP TABLE IF EXISTS `passenger`;
CREATE TABLE `passenger` (
  `id` int(11) NOT NULL AUTO_INCREMENT,
  `passenger_name` varchar(255) NOT NULL DEFAULT '',
  `credentials_number` varchar(255) NOT NULL DEFAULT '' COMMENT '证件号码',
  `credentials_type` tinyint(4) NOT NULL DEFAULT '0' COMMENT '证件类型，0身份证，1台胞证2港澳通行证3护照',
  `phone_number` char(11) NOT NULL DEFAULT '0' COMMENT '手机号码',
  `passenger_type` tinyint(4) NOT NULL DEFAULT '0' COMMENT '乘客类型',
  `user_id` int(11) NOT NULL DEFAULT '0' COMMENT '乘客所属用户',
  PRIMARY KEY (`id`)
) ENGINE=MyISAM AUTO_INCREMENT=6 DEFAULT CHARSET=utf8;

-- ----------------------------
-- Records of passenger
-- ----------------------------
INSERT INTO `passenger` VALUES ('1', 'liu', '123546897452218749', '0', '15207153858', '0', '1');
INSERT INTO `passenger` VALUES ('2', 'liu', '545468464649846', '0', '15201583858', '0', '1');
INSERT INTO `passenger` VALUES ('3', 'liud', '545468464642946', '0', '15201548958', '0', '2');

-- ----------------------------
-- Table structure for price
-- ----------------------------
DROP TABLE IF EXISTS `price`;
CREATE TABLE `price` (
  `id` int(11) NOT NULL AUTO_INCREMENT,
  `train_id` int(11) NOT NULL DEFAULT '0',
  `station_no` varchar(255) NOT NULL DEFAULT '' COMMENT '该列车的第几站',
  `wz_price` decimal(10,2) NOT NULL DEFAULT '0.00' COMMENT '从此站到下一站的无座价格，即一个原子区间内的价格',
  `yz_price` decimal(10,0) NOT NULL DEFAULT '0' COMMENT '该区间硬座价格',
  `yw_price` decimal(10,2) NOT NULL DEFAULT '0.00' COMMENT '硬卧价格',
  `rw_price` decimal(10,2) NOT NULL DEFAULT '0.00' COMMENT '软卧价格',
  `ydz_price` decimal(10,2) NOT NULL DEFAULT '0.00' COMMENT '一等座价格',
  `edz_price` decimal(10,2) NOT NULL DEFAULT '0.00' COMMENT '二等座价格',
  `swz_price` decimal(10,2) NOT NULL DEFAULT '0.00' COMMENT '商务座价格',
  PRIMARY KEY (`id`)
) ENGINE=MyISAM DEFAULT CHARSET=utf8;

-- ----------------------------
-- Records of price
-- ----------------------------

-- ----------------------------
-- Table structure for relation_passenger_order
-- ----------------------------
DROP TABLE IF EXISTS `relation_passenger_order`;
CREATE TABLE `relation_passenger_order` (
  `id` int(11) NOT NULL AUTO_INCREMENT,
  `passenger_id` int(11) NOT NULL DEFAULT '0' COMMENT '乘客id',
  `order_id` int(11) NOT NULL DEFAULT '0' COMMENT '订单Id',
  `price` int(11) NOT NULL DEFAULT '0' COMMENT '在该订单中该乘客的车票价格',
  `passenger_type` tinyint(4) NOT NULL DEFAULT '0' COMMENT '乘客类型',
  PRIMARY KEY (`id`)
) ENGINE=MyISAM AUTO_INCREMENT=7 DEFAULT CHARSET=utf8;

-- ----------------------------
-- Records of relation_passenger_order
-- ----------------------------
INSERT INTO `relation_passenger_order` VALUES ('3', '1', '2', '3132', '1');
INSERT INTO `relation_passenger_order` VALUES ('4', '2', '2', '6263', '0');
INSERT INTO `relation_passenger_order` VALUES ('5', '1', '3', '3132', '1');
INSERT INTO `relation_passenger_order` VALUES ('6', '2', '3', '6263', '0');

-- ----------------------------
-- Table structure for schedule
-- ----------------------------
DROP TABLE IF EXISTS `schedule`;
CREATE TABLE `schedule` (
  `id` int(11) NOT NULL AUTO_INCREMENT,
  `train_id` int(11) NOT NULL DEFAULT '0' COMMENT '列车id',
  `station_name` varchar(255) NOT NULL DEFAULT '' COMMENT '当前站名',
  `next_station_name` varchar(255) NOT NULL DEFAULT '' COMMENT '下一站',
  `arrive_time` time NOT NULL COMMENT '到站时间',
  `start_time` time NOT NULL COMMENT '发车时间',
  `stopover_time` int(11) NOT NULL DEFAULT '0' COMMENT '停靠时间，单位分钟',
  `station_no` tinyint(4) NOT NULL DEFAULT '0' COMMENT '该列车的第几站',
  `is_next_day` tinyint(4) NOT NULL DEFAULT '0' COMMENT '1代表加一天，表示已不是同一天',
  `wz_count` int(11) NOT NULL DEFAULT '0' COMMENT '无座数',
  `yz_count` int(11) NOT NULL DEFAULT '0' COMMENT '该原子区间剩余硬座数',
  `yw_count` int(11) NOT NULL DEFAULT '0' COMMENT '剩余硬卧数',
  `rw_count` int(11) NOT NULL DEFAULT '0' COMMENT '软卧数',
  `ydz_count` int(11) NOT NULL DEFAULT '0' COMMENT '一等座剩余数',
  `edz_count` int(11) NOT NULL DEFAULT '0' COMMENT '二等座剩余',
  `swz_count` int(11) NOT NULL DEFAULT '0' COMMENT '商务座剩余',
  `seat_total_count` varchar(50) NOT NULL DEFAULT '' COMMENT '该原子区间各种座位类型总数，用 | 分隔，座位类型依次为无座，硬座，硬卧，软卧，高级软卧，一等座，二等座，商务座',
  `seat_price` varchar(100) NOT NULL DEFAULT '' COMMENT '各种座位在该原子区间的价格，顺序为：1无座|2硬座|3硬卧|4软卧|5高级软卧|6一等座|7二等座|8商务座',
  PRIMARY KEY (`id`)
) ENGINE=MyISAM AUTO_INCREMENT=156 DEFAULT CHARSET=utf8;

-- ----------------------------
-- Records of schedule
-- ----------------------------
INSERT INTO `schedule` VALUES ('5', '1', '贵阳北', '凯里南', '00:00:00', '11:02:00', '0', '1', '0', '-1', '-1', '-1', '-1', '112', '100', '111', '0|0|0|0|112|100|111', '0|0|0|0|620|1370|634');
INSERT INTO `schedule` VALUES ('6', '1', '凯里南', '铜仁南', '11:40:00', '11:42:00', '2', '2', '0', '-1', '-1', '-1', '-1', '112', '100', '126', '0|0|0|0|112|100|126', '0|0|0|0|668|659|1316');
INSERT INTO `schedule` VALUES ('7', '1', '铜仁南', '芷江', '12:17:00', '12:19:00', '2', '3', '0', '-1', '-1', '-1', '-1', '109', '100', '122', '0|0|0|0|109|100|122', '0|0|0|0|873|1089|1290');
INSERT INTO `schedule` VALUES ('8', '1', '芷江', '怀化南', '12:40:00', '12:42:00', '2', '4', '0', '-1', '-1', '-1', '-1', '105', '100', '103', '0|0|0|0|105|100|103', '0|0|0|0|481|1312|850');
INSERT INTO `schedule` VALUES ('9', '1', '怀化南', '娄底南', '12:54:00', '12:57:00', '3', '5', '0', '-1', '-1', '-1', '-1', '116', '100', '134', '0|0|0|0|116|100|134', '0|0|0|0|488|1309|1495');
INSERT INTO `schedule` VALUES ('10', '1', '娄底南', '韶山南', '13:49:00', '13:51:00', '2', '6', '0', '-1', '-1', '-1', '-1', '98', '100', '112', '0|0|0|0|98|100|112', '0|0|0|0|217|947|695');
INSERT INTO `schedule` VALUES ('11', '1', '韶山南', '湘潭北', '14:09:00', '14:11:00', '2', '7', '0', '-1', '-1', '-1', '-1', '98', '100', '96', '0|0|0|0|98|100|96', '0|0|0|0|289|1115|1218');
INSERT INTO `schedule` VALUES ('12', '1', '湘潭北', '长沙南', '14:24:00', '14:26:00', '2', '8', '0', '-1', '-1', '-1', '-1', '110', '100', '120', '0|0|0|0|110|100|120', '0|0|0|0|966|581|1093');
INSERT INTO `schedule` VALUES ('13', '1', '长沙南', '赤壁北', '14:39:00', '14:43:00', '4', '9', '0', '-1', '-1', '-1', '-1', '103', '100', '99', '0|0|0|0|103|100|99', '0|0|0|0|690|933|1314');
INSERT INTO `schedule` VALUES ('14', '1', '赤壁北', '武汉', '15:34:00', '15:36:00', '2', '10', '0', '-1', '-1', '-1', '-1', '117', '100', '133', '0|0|0|0|117|100|133', '0|0|0|0|416|1487|633');
INSERT INTO `schedule` VALUES ('15', '1', '武汉', '信阳东', '16:11:00', '16:21:00', '10', '11', '0', '-1', '-1', '-1', '-1', '110', '100', '113', '0|0|0|0|110|100|113', '0|0|0|0|902|799|1492');
INSERT INTO `schedule` VALUES ('16', '1', '信阳东', '漯河西', '17:04:00', '17:06:00', '2', '12', '0', '-1', '-1', '-1', '-1', '104', '100', '96', '0|0|0|0|104|100|96', '0|0|0|0|745|1493|1167');
INSERT INTO `schedule` VALUES ('17', '1', '漯河西', '郑州东', '17:45:00', '17:55:00', '10', '13', '0', '-1', '-1', '-1', '-1', '109', '100', '103', '0|0|0|0|109|100|103', '0|0|0|0|436|1072|1073');
INSERT INTO `schedule` VALUES ('18', '1', '郑州东', '新乡东', '18:30:00', '18:34:00', '4', '14', '0', '-1', '-1', '-1', '-1', '115', '100', '111', '0|0|0|0|115|100|111', '0|0|0|0|769|1408|1137');
INSERT INTO `schedule` VALUES ('19', '1', '新乡东', '安阳东', '18:54:00', '18:56:00', '2', '15', '0', '-1', '-1', '-1', '-1', '109', '100', '124', '0|0|0|0|109|100|124', '0|0|0|0|684|1312|738');
INSERT INTO `schedule` VALUES ('20', '1', '安阳东', '邯郸东', '19:22:00', '19:24:00', '2', '16', '0', '-1', '-1', '-1', '-1', '107', '100', '99', '0|0|0|0|107|100|99', '0|0|0|0|313|967|1185');
INSERT INTO `schedule` VALUES ('21', '1', '邯郸东', '高邑西', '19:41:00', '19:44:00', '3', '17', '0', '-1', '-1', '-1', '-1', '107', '100', '121', '0|0|0|0|107|100|121', '0|0|0|0|519|946|1318');
INSERT INTO `schedule` VALUES ('22', '1', '高邑西', '石家庄', '20:13:00', '20:21:00', '8', '18', '0', '-1', '-1', '-1', '-1', '108', '100', '106', '0|0|0|0|108|100|106', '0|0|0|0|537|766|880');
INSERT INTO `schedule` VALUES ('23', '1', '石家庄', '保定东', '20:36:00', '20:40:00', '4', '19', '0', '-1', '-1', '-1', '-1', '103', '100', '97', '0|0|0|0|103|100|97', '0|0|0|0|87|949|663');
INSERT INTO `schedule` VALUES ('24', '1', '保定东', '北京西', '21:16:00', '21:18:00', '2', '20', '0', '-1', '-1', '-1', '-1', '111', '100', '102', '0|0|0|0|111|100|102', '0|0|0|0|1000|1337|1093');
INSERT INTO `schedule` VALUES ('25', '1', '北京西', '----', '21:59:00', '21:59:00', '0', '21', '0', '-1', '-1', '-1', '-1', '120', '125', '89', '0|0|0|0|120|125|89', '0|0|0|0|474|931|960');
INSERT INTO `schedule` VALUES ('26', '2', '南昌', '丰城', '00:00:00', '12:10:00', '0', '1', '0', '102', '112', '112', '104', '-1', '-1', '-1', '102|112|112|104|0|0|0', '140|140|1284|1495|0|0|0');
INSERT INTO `schedule` VALUES ('27', '2', '丰城', '樟树', '12:53:00', '12:56:00', '3', '2', '0', '91', '91', '96', '106', '-1', '-1', '-1', '91|91|96|106|0|0|0', '760|760|403|1442|0|0|0');
INSERT INTO `schedule` VALUES ('28', '2', '樟树', '新余', '13:11:00', '13:14:00', '3', '3', '0', '105', '92', '101', '94', '-1', '-1', '-1', '105|92|101|94|0|0|0', '978|978|937|1457|0|0|0');
INSERT INTO `schedule` VALUES ('29', '2', '新余', '宜春', '13:56:00', '14:00:00', '4', '4', '0', '97', '83', '78', '78', '-1', '-1', '-1', '97|83|78|78|0|0|0', '288|288|629|738|0|0|0');
INSERT INTO `schedule` VALUES ('30', '2', '宜春', '萍乡', '14:31:00', '14:35:00', '4', '5', '0', '102', '94', '78', '80', '-1', '-1', '-1', '102|94|78|80|0|0|0', '953|953|1349|736|0|0|0');
INSERT INTO `schedule` VALUES ('31', '2', '萍乡', '醴陵', '15:15:00', '15:20:00', '5', '6', '0', '81', '85', '93', '80', '-1', '-1', '-1', '81|85|93|80|0|0|0', '237|237|1441|1474|0|0|0');
INSERT INTO `schedule` VALUES ('32', '2', '醴陵', '株洲', '15:43:00', '15:46:00', '3', '7', '0', '110', '110', '94', '79', '-1', '-1', '-1', '110|110|94|79|0|0|0', '457|457|897|1184|0|0|0');
INSERT INTO `schedule` VALUES ('33', '2', '株洲', '长沙', '16:26:00', '16:34:00', '8', '8', '0', '90', '71', '51', '33', '-1', '-1', '-1', '90|71|51|33|0|0|0', '433|433|981|1303|0|0|0');
INSERT INTO `schedule` VALUES ('34', '2', '长沙', '岳阳', '17:11:00', '17:28:00', '17', '9', '0', '99', '96', '76', '72', '-1', '-1', '-1', '99|96|76|72|0|0|0', '903|903|806|719|0|0|0');
INSERT INTO `schedule` VALUES ('35', '2', '岳阳', '咸宁', '18:50:00', '18:56:00', '6', '10', '0', '108', '100', '83', '73', '-1', '-1', '-1', '108|100|83|73|0|0|0', '476|476|648|1349|0|0|0');
INSERT INTO `schedule` VALUES ('36', '2', '咸宁', '武昌', '20:26:00', '20:36:00', '10', '11', '0', '93', '73', '80', '88', '-1', '-1', '-1', '93|73|80|88|0|0|0', '866|866|1264|1214|0|0|0');
INSERT INTO `schedule` VALUES ('37', '2', '武昌', '信阳', '21:25:00', '21:31:00', '6', '12', '0', '85', '70', '71', '58', '-1', '-1', '-1', '85|70|71|58|0|0|0', '342|342|1141|637|0|0|0');
INSERT INTO `schedule` VALUES ('38', '2', '信阳', '漯河', '23:52:00', '23:54:00', '2', '13', '0', '101', '105', '91', '91', '-1', '-1', '-1', '101|105|91|91|0|0|0', '438|438|677|1238|0|0|0');
INSERT INTO `schedule` VALUES ('39', '2', '漯河', '郑州', '01:24:00', '01:27:00', '3', '14', '1', '97', '79', '77', '71', '-1', '-1', '-1', '97|79|77|71|0|0|0', '127|127|1039|944|0|0|0');
INSERT INTO `schedule` VALUES ('40', '2', '郑州', '安阳', '02:48:00', '03:08:00', '20', '15', '0', '105', '111', '110', '116', '-1', '-1', '-1', '105|111|110|116|0|0|0', '823|823|1447|1433|0|0|0');
INSERT INTO `schedule` VALUES ('41', '2', '安阳', '邢台', '04:52:00', '04:55:00', '3', '16', '0', '101', '104', '108', '108', '-1', '-1', '-1', '101|104|108|108|0|0|0', '668|668|1187|929|0|0|0');
INSERT INTO `schedule` VALUES ('42', '2', '邢台', '石家庄', '05:58:00', '06:05:00', '7', '17', '0', '82', '87', '92', '75', '-1', '-1', '-1', '82|87|92|75|0|0|0', '797|797|1116|1123|0|0|0');
INSERT INTO `schedule` VALUES ('43', '2', '石家庄', '保定', '07:35:00', '07:49:00', '14', '18', '0', '93', '97', '100', '92', '-1', '-1', '-1', '93|97|100|92|0|0|0', '243|243|853|1287|0|0|0');
INSERT INTO `schedule` VALUES ('44', '2', '保定', '北京', '09:02:00', '09:08:00', '6', '19', '0', '81', '71', '81', '78', '-1', '-1', '-1', '81|71|81|78|0|0|0', '434|434|960|1475|0|0|0');
INSERT INTO `schedule` VALUES ('45', '2', '北京', '----', '10:52:00', '00:00:00', '0', '20', '0', '90', '91', '95', '82', '-1', '-1', '-1', '90|91|95|82|0|0|0', '146|146|738|1350|0|0|0');
INSERT INTO `schedule` VALUES ('46', '3', '成都东', '潼南', '00:00:00', '09:05:00', '0', '1', '0', '105', '88', '87', '73', '-1', '-1', '-1', '105|88|87|73|0|0|0', '359|359|1059|1198|0|0|0');
INSERT INTO `schedule` VALUES ('47', '3', '潼南', '合川', '10:19:00', '10:21:00', '2', '2', '0', '103', '92', '72', '68', '-1', '-1', '-1', '103|92|72|68|0|0|0', '936|936|1454|895|0|0|0');
INSERT INTO `schedule` VALUES ('48', '3', '合川', '重庆北', '10:45:00', '10:47:00', '2', '3', '0', '84', '64', '62', '60', '-1', '-1', '-1', '84|64|62|60|0|0|0', '973|973|1083|1288|0|0|0');
INSERT INTO `schedule` VALUES ('49', '3', '重庆北', '丰都', '11:12:00', '11:18:00', '6', '4', '0', '99', '97', '99', '81', '-1', '-1', '-1', '99|97|99|81|0|0|0', '893|893|595|851|0|0|0');
INSERT INTO `schedule` VALUES ('50', '3', '丰都', '石柱县', '12:10:00', '12:12:00', '2', '5', '0', '83', '81', '79', '85', '-1', '-1', '-1', '83|81|79|85|0|0|0', '197|197|1137|852|0|0|0');
INSERT INTO `schedule` VALUES ('51', '3', '石柱县', '恩施', '12:32:00', '12:34:00', '2', '6', '0', '106', '98', '108', '90', '-1', '-1', '-1', '106|98|108|90|0|0|0', '439|439|1231|1261|0|0|0');
INSERT INTO `schedule` VALUES ('52', '3', '恩施', '建始', '13:40:00', '13:44:00', '4', '7', '0', '92', '94', '85', '68', '-1', '-1', '-1', '92|94|85|68|0|0|0', '129|129|1468|877|0|0|0');
INSERT INTO `schedule` VALUES ('53', '3', '建始', '宜昌东', '14:06:00', '14:08:00', '2', '8', '0', '86', '78', '82', '73', '-1', '-1', '-1', '86|78|82|73|0|0|0', '232|232|549|687|0|0|0');
INSERT INTO `schedule` VALUES ('54', '3', '宜昌东', '枝江北', '15:33:00', '15:38:00', '5', '9', '0', '97', '104', '103', '97', '-1', '-1', '-1', '97|104|103|97|0|0|0', '188|188|1338|641|0|0|0');
INSERT INTO `schedule` VALUES ('55', '3', '枝江北', '荆州', '15:56:00', '15:58:00', '2', '10', '0', '104', '102', '88', '75', '-1', '-1', '-1', '104|102|88|75|0|0|0', '794|794|1387|838|0|0|0');
INSERT INTO `schedule` VALUES ('56', '3', '荆州', '潜江', '16:16:00', '16:18:00', '2', '11', '0', '81', '88', '90', '76', '-1', '-1', '-1', '81|88|90|76|0|0|0', '847|847|1099|672|0|0|0');
INSERT INTO `schedule` VALUES ('57', '3', '潜江', '天门南', '16:44:00', '16:46:00', '2', '12', '0', '99', '98', '108', '113', '-1', '-1', '-1', '99|98|108|113|0|0|0', '433|433|930|850|0|0|0');
INSERT INTO `schedule` VALUES ('58', '3', '天门南', '汉川', '17:06:00', '17:08:00', '2', '13', '0', '103', '84', '67', '51', '-1', '-1', '-1', '103|84|67|51|0|0|0', '646|646|1000|984|0|0|0');
INSERT INTO `schedule` VALUES ('59', '3', '汉川', '汉口', '17:23:00', '17:25:00', '2', '14', '0', '100', '81', '66', '59', '-1', '-1', '-1', '100|81|66|59|0|0|0', '634|634|1165|1409|0|0|0');
INSERT INTO `schedule` VALUES ('60', '3', '汉口', '红安西', '17:52:00', '18:00:00', '8', '15', '0', '101', '87', '78', '82', '-1', '-1', '-1', '101|87|78|82|0|0|0', '569|569|1210|919|0|0|0');
INSERT INTO `schedule` VALUES ('61', '3', '红安西', '麻城北', '18:33:00', '18:35:00', '2', '16', '0', '101', '90', '82', '83', '-1', '-1', '-1', '101|90|82|83|0|0|0', '126|126|1436|1031|0|0|0');
INSERT INTO `schedule` VALUES ('62', '3', '麻城北', '六安', '18:53:00', '18:55:00', '2', '17', '0', '102', '82', '64', '65', '-1', '-1', '-1', '102|82|64|65|0|0|0', '380|380|412|954|0|0|0');
INSERT INTO `schedule` VALUES ('63', '3', '六安', '合肥南', '19:50:00', '19:52:00', '2', '18', '0', '90', '81', '65', '65', '-1', '-1', '-1', '90|81|65|65|0|0|0', '994|994|1184|1065|0|0|0');
INSERT INTO `schedule` VALUES ('64', '3', '合肥南', '南京南', '20:21:00', '20:26:00', '5', '19', '0', '86', '86', '80', '70', '-1', '-1', '-1', '86|86|80|70|0|0|0', '272|272|558|1494|0|0|0');
INSERT INTO `schedule` VALUES ('65', '3', '南京南', '湖州', '21:24:00', '21:26:00', '2', '20', '0', '87', '82', '78', '76', '-1', '-1', '-1', '87|82|78|76|0|0|0', '692|692|1377|1424|0|0|0');
INSERT INTO `schedule` VALUES ('66', '3', '湖州', '杭州东', '22:28:00', '22:30:00', '2', '21', '0', '101', '106', '97', '98', '-1', '-1', '-1', '101|106|97|98|0|0|0', '431|431|1068|1497|0|0|0');
INSERT INTO `schedule` VALUES ('67', '3', '杭州东', '----', '22:56:00', '00:00:00', '0', '22', '0', '109', '117', '122', '130', '-1', '-1', '-1', '109|117|122|130|0|0|0', '306|306|570|702|0|0|0');
INSERT INTO `schedule` VALUES ('68', '4', '十堰', '武当山', '00:00:00', '11:35:00', '0', '1', '0', '109', '110', '95', '105', '-1', '-1', '-1', '109|110|95|105|0|0|0', '968|968|881|1357|0|0|0');
INSERT INTO `schedule` VALUES ('69', '4', '武当山', '谷城', '11:51:00', '11:56:00', '5', '2', '0', '103', '108', '103', '89', '-1', '-1', '-1', '103|108|103|89|0|0|0', '451|451|795|1104|0|0|0');
INSERT INTO `schedule` VALUES ('70', '4', '谷城', '襄阳', '12:45:00', '12:48:00', '3', '3', '0', '88', '80', '69', '54', '-1', '-1', '-1', '88|80|69|54|0|0|0', '230|230|1324|956|0|0|0');
INSERT INTO `schedule` VALUES ('71', '4', '襄阳', '枣阳', '13:55:00', '14:13:00', '18', '4', '0', '92', '73', '74', '62', '-1', '-1', '-1', '92|73|74|62|0|0|0', '243|243|1254|857|0|0|0');
INSERT INTO `schedule` VALUES ('72', '4', '枣阳', '随州', '14:56:00', '14:58:00', '2', '5', '0', '97', '82', '65', '72', '-1', '-1', '-1', '97|82|65|72|0|0|0', '316|316|1460|938|0|0|0');
INSERT INTO `schedule` VALUES ('73', '4', '随州', '安陆', '15:48:00', '15:52:00', '4', '6', '0', '105', '104', '103', '100', '-1', '-1', '-1', '105|104|103|100|0|0|0', '357|357|1399|1040|0|0|0');
INSERT INTO `schedule` VALUES ('74', '4', '安陆', '云梦', '16:28:00', '16:31:00', '3', '7', '0', '91', '90', '93', '100', '-1', '-1', '-1', '91|90|93|100|0|0|0', '439|439|1295|1035|0|0|0');
INSERT INTO `schedule` VALUES ('75', '4', '云梦', '武昌', '16:48:00', '16:51:00', '3', '8', '0', '90', '89', '82', '87', '-1', '-1', '-1', '90|89|82|87|0|0|0', '482|482|588|1407|0|0|0');
INSERT INTO `schedule` VALUES ('76', '4', '武昌', '鄂州', '17:58:00', '18:09:00', '11', '9', '0', '99', '97', '87', '83', '-1', '-1', '-1', '99|97|87|83|0|0|0', '833|833|488|972|0|0|0');
INSERT INTO `schedule` VALUES ('77', '4', '鄂州', '黄石', '19:35:00', '19:42:00', '7', '10', '0', '107', '90', '73', '65', '-1', '-1', '-1', '107|90|73|65|0|0|0', '200|200|1287|1447|0|0|0');
INSERT INTO `schedule` VALUES ('78', '4', '黄石', '阳新', '20:03:00', '20:10:00', '7', '11', '0', '101', '100', '96', '80', '-1', '-1', '-1', '101|100|96|80|0|0|0', '813|813|469|1304|0|0|0');
INSERT INTO `schedule` VALUES ('79', '4', '阳新', '南昌', '20:38:00', '20:45:00', '7', '12', '0', '98', '101', '87', '84', '-1', '-1', '-1', '98|101|87|84|0|0|0', '479|479|1006|874|0|0|0');
INSERT INTO `schedule` VALUES ('80', '4', '南昌', '义乌', '23:08:00', '23:19:00', '11', '13', '0', '100', '82', '88', '81', '-1', '-1', '-1', '100|82|88|81|0|0|0', '199|199|685|1221|0|0|0');
INSERT INTO `schedule` VALUES ('81', '4', '义乌', '杭州东', '07:24:00', '07:29:00', '5', '14', '1', '100', '101', '81', '74', '-1', '-1', '-1', '100|101|81|74|0|0|0', '752|752|1500|1431|0|0|0');
INSERT INTO `schedule` VALUES ('82', '4', '杭州东', '海宁', '09:03:00', '09:09:00', '6', '15', '0', '83', '65', '45', '37', '-1', '-1', '-1', '83|65|45|37|0|0|0', '223|223|1105|727|0|0|0');
INSERT INTO `schedule` VALUES ('83', '4', '海宁', '嘉兴', '09:48:00', '09:57:00', '9', '16', '0', '84', '83', '89', '95', '-1', '-1', '-1', '84|83|89|95|0|0|0', '567|567|455|1041|0|0|0');
INSERT INTO `schedule` VALUES ('84', '4', '嘉兴', '上海南', '10:17:00', '10:20:00', '3', '17', '0', '98', '90', '99', '90', '-1', '-1', '-1', '98|90|99|90|0|0|0', '162|162|1427|1366|0|0|0');
INSERT INTO `schedule` VALUES ('85', '4', '上海南', '----', '11:40:00', '00:00:00', '0', '18', '0', '82', '76', '60', '50', '-1', '-1', '-1', '82|76|60|50|0|0|0', '997|997|1161|662|0|0|0');
INSERT INTO `schedule` VALUES ('86', '6', '汉口', '孝感', '00:00:00', '17:40:00', '0', '1', '0', '99', '98', '83', '86', '-1', '-1', '-1', '99|98|83|86|0|0|0', '657|657|935|1441|0|0|0');
INSERT INTO `schedule` VALUES ('87', '6', '孝感', '信阳', '18:19:00', '18:22:00', '3', '2', '0', '101', '84', '89', '79', '-1', '-1', '-1', '101|84|89|79|0|0|0', '271|271|1377|1016|0|0|0');
INSERT INTO `schedule` VALUES ('88', '6', '信阳', '确山', '19:40:00', '19:43:00', '3', '3', '0', '110', '115', '114', '105', '-1', '-1', '-1', '110|115|114|105|0|0|0', '717|717|966|1442|0|0|0');
INSERT INTO `schedule` VALUES ('89', '6', '确山', '漯河', '20:22:00', '20:24:00', '2', '4', '0', '105', '93', '94', '95', '-1', '-1', '-1', '105|93|94|95|0|0|0', '159|159|1392|1141|0|0|0');
INSERT INTO `schedule` VALUES ('90', '6', '漯河', '许昌', '21:09:00', '21:12:00', '3', '5', '0', '108', '88', '98', '78', '-1', '-1', '-1', '108|88|98|78|0|0|0', '707|707|742|923|0|0|0');
INSERT INTO `schedule` VALUES ('91', '6', '许昌', '郑州', '21:42:00', '21:46:00', '4', '6', '0', '83', '90', '70', '59', '-1', '-1', '-1', '83|90|70|59|0|0|0', '565|565|1319|835|0|0|0');
INSERT INTO `schedule` VALUES ('92', '6', '郑州', '西安', '22:36:00', '22:47:00', '11', '7', '0', '90', '94', '81', '62', '-1', '-1', '-1', '90|94|81|62|0|0|0', '180|180|1488|813|0|0|0');
INSERT INTO `schedule` VALUES ('93', '6', '西安', '宝鸡', '05:02:00', '05:10:00', '8', '8', '1', '83', '73', '61', '51', '-1', '-1', '-1', '83|73|61|51|0|0|0', '447|447|936|1397|0|0|0');
INSERT INTO `schedule` VALUES ('94', '6', '宝鸡', '天水', '07:08:00', '07:16:00', '8', '9', '0', '80', '86', '80', '77', '-1', '-1', '-1', '80|86|80|77|0|0|0', '384|384|1295|1043|0|0|0');
INSERT INTO `schedule` VALUES ('95', '6', '天水', '甘谷', '08:48:00', '08:54:00', '6', '10', '0', '108', '100', '89', '94', '-1', '-1', '-1', '108|100|89|94|0|0|0', '935|935|1013|1495|0|0|0');
INSERT INTO `schedule` VALUES ('96', '6', '甘谷', '陇西', '09:36:00', '09:56:00', '20', '11', '0', '98', '103', '102', '82', '-1', '-1', '-1', '98|103|102|82|0|0|0', '738|738|1406|807|0|0|0');
INSERT INTO `schedule` VALUES ('97', '6', '陇西', '定西', '10:46:00', '10:53:00', '7', '12', '0', '85', '74', '84', '81', '-1', '-1', '-1', '85|74|84|81|0|0|0', '787|787|1014|653|0|0|0');
INSERT INTO `schedule` VALUES ('98', '6', '定西', '兰州', '11:49:00', '11:52:00', '3', '13', '0', '98', '103', '84', '77', '-1', '-1', '-1', '98|103|84|77|0|0|0', '427|427|1151|645|0|0|0');
INSERT INTO `schedule` VALUES ('99', '6', '兰州', '西宁', '13:49:00', '14:04:00', '15', '14', '0', '110', '99', '88', '98', '-1', '-1', '-1', '110|99|88|98|0|0|0', '525|525|893|777|0|0|0');
INSERT INTO `schedule` VALUES ('100', '6', '西宁', '张掖西', '15:51:00', '15:57:00', '6', '15', '0', '90', '91', '84', '70', '-1', '-1', '-1', '90|91|84|70|0|0|0', '292|292|1351|894|0|0|0');
INSERT INTO `schedule` VALUES ('101', '6', '张掖西', '酒泉南', '18:14:00', '18:22:00', '8', '16', '0', '104', '103', '87', '90', '-1', '-1', '-1', '104|103|87|90|0|0|0', '806|806|1210|1265|0|0|0');
INSERT INTO `schedule` VALUES ('102', '6', '酒泉南', '嘉峪关', '19:45:00', '19:50:00', '5', '17', '0', '88', '76', '75', '61', '-1', '-1', '-1', '88|76|75|61|0|0|0', '362|362|1137|1423|0|0|0');
INSERT INTO `schedule` VALUES ('103', '6', '嘉峪关', '柳园', '20:14:00', '20:29:00', '15', '18', '0', '95', '102', '83', '84', '-1', '-1', '-1', '95|102|83|84|0|0|0', '267|267|611|928|0|0|0');
INSERT INTO `schedule` VALUES ('104', '6', '柳园', '哈密', '00:15:00', '00:26:00', '11', '19', '1', '94', '77', '59', '43', '-1', '-1', '-1', '94|77|59|43|0|0|0', '476|476|880|914|0|0|0');
INSERT INTO `schedule` VALUES ('105', '6', '哈密', '鄯善北', '03:17:00', '03:40:00', '23', '20', '0', '106', '93', '77', '64', '-1', '-1', '-1', '106|93|77|64|0|0|0', '278|278|1405|1347|0|0|0');
INSERT INTO `schedule` VALUES ('106', '6', '鄯善北', '吐鲁番北', '05:39:00', '05:42:00', '3', '21', '0', '88', '72', '66', '64', '-1', '-1', '-1', '88|72|66|64|0|0|0', '143|143|952|780|0|0|0');
INSERT INTO `schedule` VALUES ('107', '6', '吐鲁番北', '乌鲁木齐南', '06:25:00', '06:28:00', '3', '22', '0', '109', '92', '93', '85', '-1', '-1', '-1', '109|92|93|85|0|0|0', '801|801|618|1364|0|0|0');
INSERT INTO `schedule` VALUES ('108', '6', '乌鲁木齐南', '乌鲁木齐', '07:47:00', '08:02:00', '15', '23', '0', '82', '64', '61', '49', '-1', '-1', '-1', '82|64|61|49|0|0|0', '599|599|988|1451|0|0|0');
INSERT INTO `schedule` VALUES ('109', '6', '乌鲁木齐', '----', '08:18:00', '00:00:00', '0', '24', '0', '100', '104', '105', '101', '-1', '-1', '-1', '100|104|105|101|0|0|0', '487|487|692|796|0|0|0');
INSERT INTO `schedule` VALUES ('110', '5', '长春', '四平', '00:00:00', '21:28:00', '0', '1', '0', '109', '101', '82', '64', '-1', '-1', '-1', '109|101|82|64|0|0|0', '338|338|925|819|0|0|0');
INSERT INTO `schedule` VALUES ('111', '5', '四平', '沈阳北', '22:32:00', '22:34:00', '2', '2', '0', '82', '88', '74', '75', '-1', '-1', '-1', '82|88|74|75|0|0|0', '675|675|1053|1443|0|0|0');
INSERT INTO `schedule` VALUES ('112', '5', '沈阳北', '山海关', '00:12:00', '00:19:00', '7', '3', '0', '100', '80', '73', '80', '-1', '-1', '-1', '100|80|73|80|0|0|0', '269|269|458|1076|0|0|0');
INSERT INTO `schedule` VALUES ('113', '5', '山海关', '秦皇岛', '04:00:00', '04:06:00', '6', '4', '0', '105', '109', '111', '94', '-1', '-1', '-1', '105|109|111|94|0|0|0', '601|601|434|1065|0|0|0');
INSERT INTO `schedule` VALUES ('114', '5', '秦皇岛', '滦县', '04:30:00', '04:33:00', '3', '5', '0', '109', '99', '80', '85', '-1', '-1', '-1', '109|99|80|85|0|0|0', '248|248|405|1273|0|0|0');
INSERT INTO `schedule` VALUES ('115', '5', '滦县', '唐山', '05:27:00', '06:00:00', '33', '6', '0', '89', '78', '70', '74', '-1', '-1', '-1', '89|78|70|74|0|0|0', '157|157|1388|1035|0|0|0');
INSERT INTO `schedule` VALUES ('116', '5', '唐山', '天津', '06:45:00', '06:48:00', '3', '7', '0', '95', '83', '90', '92', '-1', '-1', '-1', '95|83|90|92|0|0|0', '423|423|751|1114|0|0|0');
INSERT INTO `schedule` VALUES ('117', '5', '天津', '霸州', '08:00:00', '08:11:00', '11', '8', '0', '99', '109', '119', '118', '-1', '-1', '-1', '99|109|119|118|0|0|0', '354|354|1010|978|0|0|0');
INSERT INTO `schedule` VALUES ('118', '5', '霸州', '徐水', '09:37:00', '10:04:00', '27', '9', '0', '81', '91', '80', '61', '-1', '-1', '-1', '81|91|80|61|0|0|0', '431|431|544|1409|0|0|0');
INSERT INTO `schedule` VALUES ('119', '5', '徐水', '保定', '10:47:00', '10:49:00', '2', '10', '0', '100', '91', '97', '82', '-1', '-1', '-1', '100|91|97|82|0|0|0', '208|208|1304|837|0|0|0');
INSERT INTO `schedule` VALUES ('120', '5', '保定', '石家庄', '11:05:00', '11:11:00', '6', '11', '0', '108', '110', '109', '119', '-1', '-1', '-1', '108|110|109|119|0|0|0', '796|796|571|848|0|0|0');
INSERT INTO `schedule` VALUES ('121', '5', '石家庄', '邯郸', '12:30:00', '12:36:00', '6', '12', '0', '97', '89', '94', '85', '-1', '-1', '-1', '97|89|94|85|0|0|0', '255|255|835|1294|0|0|0');
INSERT INTO `schedule` VALUES ('122', '5', '邯郸', '新乡', '14:04:00', '14:15:00', '11', '13', '0', '83', '81', '91', '79', '-1', '-1', '-1', '83|81|91|79|0|0|0', '615|615|719|788|0|0|0');
INSERT INTO `schedule` VALUES ('123', '5', '新乡', '郑州', '15:50:00', '15:52:00', '2', '14', '0', '84', '69', '69', '54', '-1', '-1', '-1', '84|69|69|54|0|0|0', '561|561|1249|1324|0|0|0');
INSERT INTO `schedule` VALUES ('124', '5', '郑州', '信阳', '16:42:00', '17:05:00', '23', '15', '0', '104', '95', '97', '81', '-1', '-1', '-1', '104|95|97|81|0|0|0', '293|293|854|1499|0|0|0');
INSERT INTO `schedule` VALUES ('125', '5', '信阳', '孝感', '19:54:00', '20:13:00', '19', '16', '0', '86', '74', '81', '64', '-1', '-1', '-1', '86|74|81|64|0|0|0', '951|951|1098|875|0|0|0');
INSERT INTO `schedule` VALUES ('126', '5', '孝感', '武昌', '21:41:00', '21:44:00', '3', '17', '0', '96', '97', '97', '90', '-1', '-1', '-1', '96|97|97|90|0|0|0', '497|497|480|759|0|0|0');
INSERT INTO `schedule` VALUES ('127', '5', '武昌', '岳阳', '22:56:00', '23:23:00', '27', '18', '0', '85', '90', '89', '79', '-1', '-1', '-1', '85|90|89|79|0|0|0', '156|156|889|749|0|0|0');
INSERT INTO `schedule` VALUES ('128', '5', '岳阳', '长沙', '01:24:00', '01:27:00', '3', '19', '1', '95', '96', '86', '90', '-1', '-1', '-1', '95|96|86|90|0|0|0', '710|710|1441|790|0|0|0');
INSERT INTO `schedule` VALUES ('129', '5', '长沙', '衡阳', '02:49:00', '02:55:00', '6', '20', '0', '108', '115', '104', '112', '0', '0', '0', '108|115|104|112|0|0|0', '83|83|1001|1274|0|0|0');
INSERT INTO `schedule` VALUES ('130', '5', '衡阳', '郴州', '04:53:00', '04:58:00', '5', '21', '0', '96', '90', '71', '67', '0', '0', '0', '96|90|71|67|0|0|0', '475|475|825|974|0|0|0');
INSERT INTO `schedule` VALUES ('131', '5', '郴州', '广州', '06:37:00', '06:40:00', '3', '22', '0', '90', '83', '68', '51', '0', '0', '0', '90|83|68|51|0|0|0', '660|660|1064|1082|0|0|0');
INSERT INTO `schedule` VALUES ('132', '5', '广州', '----', '10:48:00', '00:00:00', '0', '23', '0', '84', '91', '78', '87', '0', '0', '0', '84|91|78|87|0|0|0', '239|239|1358|647|0|0|0');

-- ----------------------------
-- Table structure for seat
-- ----------------------------
DROP TABLE IF EXISTS `seat`;
CREATE TABLE `seat` (
  `id` int(11) NOT NULL AUTO_INCREMENT,
  `train_id` int(11) NOT NULL DEFAULT '0' COMMENT '列车id',
  `carriage_number` int(11) NOT NULL DEFAULT '0' COMMENT '车厢号',
  `seat_number` int(11) NOT NULL DEFAULT '0' COMMENT '座位号',
  `seat_type` tinyint(4) NOT NULL DEFAULT '0' COMMENT '座位类型,1无座2硬座等',
  `is_free` varchar(255) NOT NULL DEFAULT '' COMMENT '在各个原子区间是否空闲，0表示已被占用，1表示空闲',
  PRIMARY KEY (`id`)
) ENGINE=MyISAM AUTO_INCREMENT=5509 DEFAULT CHARSET=utf8;

-- ----------------------------
-- Records of seat
-- ----------------------------
INSERT INTO `seat` VALUES ('3634', '4', '12', '36', '1', '000000000000001101');
INSERT INTO `seat` VALUES ('3635', '4', '12', '37', '3', '001110011101011001');
INSERT INTO `seat` VALUES ('3636', '4', '12', '38', '1', '000000000000001101');
INSERT INTO `seat` VALUES ('3637', '4', '12', '39', '1', '000000000000001101');
INSERT INTO `seat` VALUES ('3638', '4', '12', '40', '1', '000000000000001101');
INSERT INTO `seat` VALUES ('3639', '4', '12', '41', '2', '001110110100101111');
INSERT INTO `seat` VALUES ('3640', '4', '12', '42', '4', '011110011111111111');
INSERT INTO `seat` VALUES ('3641', '4', '12', '43', '2', '001110110100101111');
INSERT INTO `seat` VALUES ('3642', '4', '12', '44', '1', '001000000000001101');
INSERT INTO `seat` VALUES ('3643', '4', '12', '45', '4', '011110011111111111');
INSERT INTO `seat` VALUES ('3644', '4', '12', '46', '1', '001000000000001101');
INSERT INTO `seat` VALUES ('3645', '4', '12', '47', '2', '001110110100101111');
INSERT INTO `seat` VALUES ('3646', '4', '12', '48', '1', '001000010000001101');
INSERT INTO `seat` VALUES ('3647', '4', '12', '49', '4', '011110011111111111');
INSERT INTO `seat` VALUES ('3648', '4', '12', '50', '4', '011110011111111111');
INSERT INTO `seat` VALUES ('3649', '4', '13', '20', '4', '011111111111111111');
INSERT INTO `seat` VALUES ('3650', '4', '13', '21', '4', '011111111111111111');
INSERT INTO `seat` VALUES ('3651', '4', '13', '22', '3', '001110011101111001');
INSERT INTO `seat` VALUES ('3652', '4', '13', '23', '3', '001110011101111101');
INSERT INTO `seat` VALUES ('3653', '4', '13', '24', '1', '001000110000001101');
INSERT INTO `seat` VALUES ('3654', '4', '13', '25', '1', '001100110000001101');
INSERT INTO `seat` VALUES ('3655', '4', '13', '26', '1', '001100110000001101');
INSERT INTO `seat` VALUES ('3656', '4', '13', '27', '1', '001100110000001101');
INSERT INTO `seat` VALUES ('3657', '4', '13', '28', '2', '001110110100101111');
INSERT INTO `seat` VALUES ('3658', '4', '13', '29', '4', '011111111111111111');
INSERT INTO `seat` VALUES ('3659', '4', '13', '30', '4', '011111111111111111');
INSERT INTO `seat` VALUES ('3660', '4', '13', '31', '3', '001110011101111101');
INSERT INTO `seat` VALUES ('3661', '4', '13', '32', '1', '001100110000001101');
INSERT INTO `seat` VALUES ('3662', '4', '13', '33', '2', '001110110100101111');
INSERT INTO `seat` VALUES ('3663', '4', '13', '34', '1', '001100110000001101');
INSERT INTO `seat` VALUES ('3664', '4', '13', '35', '4', '011111111111111111');
INSERT INTO `seat` VALUES ('3665', '4', '13', '36', '2', '001110110100101111');
INSERT INTO `seat` VALUES ('3666', '4', '13', '37', '1', '001110110000001101');
INSERT INTO `seat` VALUES ('3667', '4', '13', '38', '4', '111111111111111111');
INSERT INTO `seat` VALUES ('3668', '4', '13', '39', '3', '001110011101111101');
INSERT INTO `seat` VALUES ('3669', '4', '13', '40', '1', '001110110001001111');
INSERT INTO `seat` VALUES ('3670', '4', '13', '41', '2', '001110110100101111');
INSERT INTO `seat` VALUES ('3671', '4', '13', '42', '3', '001110011101111101');
INSERT INTO `seat` VALUES ('3672', '4', '13', '43', '2', '001110111100101111');
INSERT INTO `seat` VALUES ('3673', '4', '13', '44', '1', '001110111001001111');
INSERT INTO `seat` VALUES ('3674', '4', '13', '45', '3', '001110111101111101');
INSERT INTO `seat` VALUES ('3675', '4', '13', '46', '4', '111111111111111111');
INSERT INTO `seat` VALUES ('3676', '4', '13', '47', '2', '001110111100101111');
INSERT INTO `seat` VALUES ('3677', '4', '13', '48', '2', '001110111100101111');
INSERT INTO `seat` VALUES ('3678', '4', '13', '49', '2', '001110111110101111');
INSERT INTO `seat` VALUES ('3679', '4', '13', '50', '2', '001110111111111111');
INSERT INTO `seat` VALUES ('3680', '4', '14', '20', '1', '001110111001111111');
INSERT INTO `seat` VALUES ('3681', '4', '14', '21', '2', '001110111111111111');
INSERT INTO `seat` VALUES ('3682', '4', '14', '22', '1', '001110111011111111');
INSERT INTO `seat` VALUES ('3683', '4', '14', '23', '3', '001110111101111101');
INSERT INTO `seat` VALUES ('3684', '4', '14', '24', '4', '111111111111111111');
INSERT INTO `seat` VALUES ('3685', '4', '14', '25', '1', '001110111011111111');
INSERT INTO `seat` VALUES ('3686', '4', '14', '26', '1', '011110111011111111');
INSERT INTO `seat` VALUES ('3687', '4', '14', '27', '2', '001110111111111111');
INSERT INTO `seat` VALUES ('3688', '4', '14', '28', '2', '001111111111111111');
INSERT INTO `seat` VALUES ('3689', '4', '14', '29', '3', '101110111101111101');
INSERT INTO `seat` VALUES ('3690', '4', '14', '30', '4', '111111111111111111');
INSERT INTO `seat` VALUES ('3691', '4', '14', '31', '2', '001111111111111111');
INSERT INTO `seat` VALUES ('3692', '4', '14', '32', '3', '101110111111111101');
INSERT INTO `seat` VALUES ('3693', '4', '14', '33', '4', '111111111111111111');
INSERT INTO `seat` VALUES ('3694', '4', '14', '34', '3', '101110111111111101');
INSERT INTO `seat` VALUES ('3695', '4', '14', '35', '3', '101110111111111101');
INSERT INTO `seat` VALUES ('3696', '4', '14', '36', '2', '001111111111111111');
INSERT INTO `seat` VALUES ('3697', '4', '14', '37', '1', '011110111011111111');
INSERT INTO `seat` VALUES ('3698', '4', '14', '38', '1', '011111111011111111');
INSERT INTO `seat` VALUES ('3699', '4', '14', '39', '3', '101110111111111111');
INSERT INTO `seat` VALUES ('3700', '4', '14', '40', '2', '001111111111111111');
INSERT INTO `seat` VALUES ('3701', '4', '14', '41', '3', '101110111111111111');
INSERT INTO `seat` VALUES ('3702', '4', '14', '42', '2', '011111111111111111');
INSERT INTO `seat` VALUES ('3703', '4', '14', '43', '2', '011111111111111111');
INSERT INTO `seat` VALUES ('3704', '4', '14', '44', '3', '101110111111111111');
INSERT INTO `seat` VALUES ('3705', '4', '14', '45', '3', '101110111111111111');
INSERT INTO `seat` VALUES ('3706', '4', '14', '46', '1', '011111111011111111');
INSERT INTO `seat` VALUES ('3707', '4', '14', '47', '3', '111111111111111111');
INSERT INTO `seat` VALUES ('3708', '4', '14', '48', '3', '111111111111111111');
INSERT INTO `seat` VALUES ('3709', '4', '14', '49', '4', '111111111111111111');
INSERT INTO `seat` VALUES ('3710', '4', '14', '50', '3', '111111111111111111');
INSERT INTO `seat` VALUES ('3711', '4', '15', '20', '2', '111111111111111111');
INSERT INTO `seat` VALUES ('3712', '4', '15', '21', '2', '111111111111111111');
INSERT INTO `seat` VALUES ('3713', '4', '15', '22', '4', '111111111111111111');
INSERT INTO `seat` VALUES ('3714', '4', '15', '23', '1', '011111111111111111');
INSERT INTO `seat` VALUES ('3715', '4', '15', '24', '1', '011111111111111111');
INSERT INTO `seat` VALUES ('3716', '4', '15', '25', '3', '111111111111111111');
INSERT INTO `seat` VALUES ('3717', '4', '15', '26', '3', '111111111111111111');
INSERT INTO `seat` VALUES ('3718', '4', '15', '27', '2', '111111111111111111');
INSERT INTO `seat` VALUES ('3719', '4', '15', '28', '3', '111111111111111111');
INSERT INTO `seat` VALUES ('3720', '4', '15', '29', '3', '111111111111111111');
INSERT INTO `seat` VALUES ('3721', '4', '15', '30', '2', '111111111111111111');
INSERT INTO `seat` VALUES ('3722', '4', '15', '31', '1', '111111111111111111');
INSERT INTO `seat` VALUES ('3723', '4', '15', '32', '4', '111111111111111111');
INSERT INTO `seat` VALUES ('3724', '4', '15', '33', '1', '111111111111111111');
INSERT INTO `seat` VALUES ('3725', '4', '15', '34', '3', '111111111111111111');
INSERT INTO `seat` VALUES ('3726', '4', '15', '35', '4', '111111111111111111');
INSERT INTO `seat` VALUES ('3727', '4', '15', '36', '1', '111111111111111111');
INSERT INTO `seat` VALUES ('3728', '4', '15', '37', '1', '111111111111111111');
INSERT INTO `seat` VALUES ('3729', '4', '15', '38', '1', '111111111111111111');
INSERT INTO `seat` VALUES ('3730', '4', '15', '39', '4', '111111111111111111');
INSERT INTO `seat` VALUES ('3731', '4', '15', '40', '4', '111111111111111111');
INSERT INTO `seat` VALUES ('3732', '4', '15', '41', '2', '111111111111111111');
INSERT INTO `seat` VALUES ('3733', '4', '15', '42', '4', '111111111111111111');
INSERT INTO `seat` VALUES ('3734', '4', '15', '43', '1', '111111111111111111');
INSERT INTO `seat` VALUES ('3735', '4', '15', '44', '3', '111111111111111111');
INSERT INTO `seat` VALUES ('3736', '4', '15', '45', '1', '111111111111111111');
INSERT INTO `seat` VALUES ('3737', '4', '15', '46', '3', '111111111111111111');
INSERT INTO `seat` VALUES ('3738', '4', '15', '47', '3', '111111111111111111');
INSERT INTO `seat` VALUES ('3739', '4', '15', '48', '1', '111111111111111111');
INSERT INTO `seat` VALUES ('3740', '4', '15', '49', '2', '111111111111111111');
INSERT INTO `seat` VALUES ('3741', '4', '15', '50', '2', '111111111111111111');
INSERT INTO `seat` VALUES ('3742', '4', '16', '20', '3', '111111111111111111');
INSERT INTO `seat` VALUES ('3743', '4', '16', '21', '3', '111111111111111111');
INSERT INTO `seat` VALUES ('3744', '4', '16', '22', '1', '111111111111111111');
INSERT INTO `seat` VALUES ('3745', '4', '16', '23', '3', '111111111111111111');
INSERT INTO `seat` VALUES ('3746', '4', '16', '24', '3', '111111111111111111');
INSERT INTO `seat` VALUES ('3747', '4', '16', '25', '4', '111111111111111111');
INSERT INTO `seat` VALUES ('3748', '4', '16', '26', '3', '111111111111111111');
INSERT INTO `seat` VALUES ('3749', '4', '16', '27', '2', '111111111111111111');
INSERT INTO `seat` VALUES ('3750', '4', '16', '28', '2', '111111111111111111');
INSERT INTO `seat` VALUES ('3751', '4', '16', '29', '2', '111111111111111111');
INSERT INTO `seat` VALUES ('3752', '4', '16', '30', '1', '111111111111111111');
INSERT INTO `seat` VALUES ('3753', '4', '16', '31', '4', '111111111111111111');
INSERT INTO `seat` VALUES ('3754', '4', '16', '32', '2', '111111111111111111');
INSERT INTO `seat` VALUES ('3755', '4', '16', '33', '4', '111111111111111111');
INSERT INTO `seat` VALUES ('3756', '4', '16', '34', '4', '111111111111111111');
INSERT INTO `seat` VALUES ('3757', '4', '16', '35', '1', '111111111111111111');
INSERT INTO `seat` VALUES ('3758', '4', '16', '36', '3', '111111111111111111');
INSERT INTO `seat` VALUES ('3759', '4', '16', '37', '4', '111111111111111111');
INSERT INTO `seat` VALUES ('3760', '4', '16', '38', '4', '111111111111111111');
INSERT INTO `seat` VALUES ('3761', '4', '16', '39', '3', '111111111111111111');
INSERT INTO `seat` VALUES ('3762', '4', '16', '40', '4', '111111111111111111');
INSERT INTO `seat` VALUES ('3763', '4', '16', '41', '1', '111111111111111111');
INSERT INTO `seat` VALUES ('3764', '4', '16', '42', '1', '111111111111111111');
INSERT INTO `seat` VALUES ('3765', '4', '16', '43', '3', '111111111111111111');
INSERT INTO `seat` VALUES ('3766', '4', '16', '44', '3', '111111111111111111');
INSERT INTO `seat` VALUES ('3767', '4', '16', '45', '3', '111111111111111111');
INSERT INTO `seat` VALUES ('3768', '4', '16', '46', '4', '111111111111111111');
INSERT INTO `seat` VALUES ('3769', '4', '16', '47', '2', '111111111111111111');
INSERT INTO `seat` VALUES ('3770', '4', '16', '48', '4', '111111111111111111');
INSERT INTO `seat` VALUES ('3771', '4', '16', '49', '2', '111111111111111111');
INSERT INTO `seat` VALUES ('3772', '4', '16', '50', '2', '111111111111111111');
INSERT INTO `seat` VALUES ('3773', '4', '17', '20', '3', '111111111111111111');
INSERT INTO `seat` VALUES ('3774', '4', '17', '21', '3', '111111111111111111');
INSERT INTO `seat` VALUES ('3775', '4', '17', '22', '2', '111111111111111111');
INSERT INTO `seat` VALUES ('3776', '4', '17', '23', '4', '111111111111111111');
INSERT INTO `seat` VALUES ('3777', '4', '17', '24', '3', '111111111111111111');
INSERT INTO `seat` VALUES ('3778', '4', '17', '25', '1', '111111111111111111');
INSERT INTO `seat` VALUES ('3779', '4', '17', '26', '2', '111111111111111111');
INSERT INTO `seat` VALUES ('3780', '4', '17', '27', '2', '111111111111111111');
INSERT INTO `seat` VALUES ('3781', '4', '17', '28', '4', '111111111111111111');
INSERT INTO `seat` VALUES ('3782', '4', '17', '29', '2', '111111111111111111');
INSERT INTO `seat` VALUES ('3783', '4', '17', '30', '2', '111111111111111111');
INSERT INTO `seat` VALUES ('3784', '4', '17', '31', '4', '111111111111111111');
INSERT INTO `seat` VALUES ('3785', '4', '17', '32', '1', '111111111111111111');
INSERT INTO `seat` VALUES ('3786', '4', '17', '33', '2', '111111111111111111');
INSERT INTO `seat` VALUES ('3787', '4', '17', '34', '2', '111111111111111111');
INSERT INTO `seat` VALUES ('3788', '4', '17', '35', '4', '111111111111111111');
INSERT INTO `seat` VALUES ('3789', '4', '17', '36', '3', '111111111111111111');
INSERT INTO `seat` VALUES ('3790', '4', '17', '37', '2', '111111111111111111');
INSERT INTO `seat` VALUES ('3791', '4', '17', '38', '3', '111111111111111111');
INSERT INTO `seat` VALUES ('3792', '4', '17', '39', '1', '111111111111111111');
INSERT INTO `seat` VALUES ('3793', '4', '17', '40', '4', '111111111111111111');
INSERT INTO `seat` VALUES ('3794', '4', '17', '41', '3', '111111111111111111');
INSERT INTO `seat` VALUES ('3795', '4', '17', '42', '4', '111111111111111111');
INSERT INTO `seat` VALUES ('3796', '4', '17', '43', '3', '111111111111111111');
INSERT INTO `seat` VALUES ('3797', '4', '17', '44', '3', '111111111111111111');
INSERT INTO `seat` VALUES ('3798', '4', '17', '45', '3', '111111111111111111');
INSERT INTO `seat` VALUES ('3799', '4', '17', '46', '2', '111111111111111111');
INSERT INTO `seat` VALUES ('3800', '4', '17', '47', '1', '111111111111111111');
INSERT INTO `seat` VALUES ('3801', '4', '17', '48', '3', '111111111111111111');
INSERT INTO `seat` VALUES ('3802', '4', '17', '49', '3', '111111111111111111');
INSERT INTO `seat` VALUES ('3803', '4', '17', '50', '2', '111111111111111111');
INSERT INTO `seat` VALUES ('3804', '4', '18', '20', '2', '111111111111111111');
INSERT INTO `seat` VALUES ('3805', '4', '18', '21', '4', '111111111111111111');
INSERT INTO `seat` VALUES ('3806', '4', '18', '22', '3', '111111111111111111');
INSERT INTO `seat` VALUES ('3807', '4', '18', '23', '3', '111111111111111111');
INSERT INTO `seat` VALUES ('3808', '4', '18', '24', '1', '111111111111111111');
INSERT INTO `seat` VALUES ('3809', '4', '18', '25', '2', '111111111111111111');
INSERT INTO `seat` VALUES ('3810', '4', '18', '26', '2', '111111111111111111');
INSERT INTO `seat` VALUES ('3811', '4', '18', '27', '1', '111111111111111111');
INSERT INTO `seat` VALUES ('3812', '4', '18', '28', '1', '111111111111111111');
INSERT INTO `seat` VALUES ('3813', '4', '18', '29', '4', '111111111111111111');
INSERT INTO `seat` VALUES ('3814', '4', '18', '30', '4', '111111111111111111');
INSERT INTO `seat` VALUES ('3815', '4', '18', '31', '2', '111111111111111111');
INSERT INTO `seat` VALUES ('3816', '4', '18', '32', '2', '111111111111111111');
INSERT INTO `seat` VALUES ('3817', '4', '18', '33', '4', '111111111111111111');
INSERT INTO `seat` VALUES ('3049', '3', '11', '40', '3', '0110000000001100110000');
INSERT INTO `seat` VALUES ('3050', '3', '11', '41', '1', '0010100100100000001100');
INSERT INTO `seat` VALUES ('3051', '3', '11', '42', '2', '0010100100000100110100');
INSERT INTO `seat` VALUES ('3052', '3', '11', '43', '2', '0010100100000100110100');
INSERT INTO `seat` VALUES ('3053', '3', '11', '44', '2', '0010100100001100110100');
INSERT INTO `seat` VALUES ('3054', '3', '11', '45', '3', '0110000000001100110000');
INSERT INTO `seat` VALUES ('3055', '3', '11', '46', '2', '0010100100001100110100');
INSERT INTO `seat` VALUES ('3056', '3', '11', '47', '1', '0010100100100000001100');
INSERT INTO `seat` VALUES ('3057', '3', '11', '48', '4', '1111101101101111111100');
INSERT INTO `seat` VALUES ('3058', '3', '11', '49', '3', '0110000000001110110100');
INSERT INTO `seat` VALUES ('3059', '3', '11', '50', '1', '0010100100100000001100');
INSERT INTO `seat` VALUES ('3060', '3', '12', '20', '2', '0010100100001100111100');
INSERT INTO `seat` VALUES ('3061', '3', '12', '21', '2', '0010100100001110111100');
INSERT INTO `seat` VALUES ('3062', '3', '12', '22', '4', '1111101101101111111100');
INSERT INTO `seat` VALUES ('3063', '3', '12', '23', '3', '0110100000001110110100');
INSERT INTO `seat` VALUES ('3064', '3', '12', '24', '4', '1111101101101111111100');
INSERT INTO `seat` VALUES ('3065', '3', '12', '25', '1', '0010100100100000011100');
INSERT INTO `seat` VALUES ('3066', '3', '12', '26', '2', '1010100100101110111100');
INSERT INTO `seat` VALUES ('3067', '3', '12', '27', '2', '1010100100101110111100');
INSERT INTO `seat` VALUES ('3068', '3', '12', '28', '3', '0110100000001110111100');
INSERT INTO `seat` VALUES ('3069', '3', '12', '29', '4', '1111101101101111111100');
INSERT INTO `seat` VALUES ('3070', '3', '12', '30', '3', '0110100000001110111100');
INSERT INTO `seat` VALUES ('3071', '3', '12', '31', '1', '0010100100100000011100');
INSERT INTO `seat` VALUES ('3072', '3', '12', '32', '4', '1111101101101111111100');
INSERT INTO `seat` VALUES ('3073', '3', '12', '33', '2', '1010100100101111111100');
INSERT INTO `seat` VALUES ('3074', '3', '12', '34', '4', '1111111101101111111100');
INSERT INTO `seat` VALUES ('3075', '3', '12', '35', '1', '0010101100100000011100');
INSERT INTO `seat` VALUES ('3076', '3', '12', '36', '3', '0110100100001111111100');
INSERT INTO `seat` VALUES ('3077', '3', '12', '37', '3', '0110100100001111111100');
INSERT INTO `seat` VALUES ('3078', '3', '12', '38', '2', '1010100100101111111100');
INSERT INTO `seat` VALUES ('3079', '3', '12', '39', '2', '1110100100101111111100');
INSERT INTO `seat` VALUES ('3080', '3', '12', '40', '2', '1110100100101111111100');
INSERT INTO `seat` VALUES ('3081', '3', '12', '41', '3', '0110100100001111111100');
INSERT INTO `seat` VALUES ('3082', '3', '12', '42', '4', '1111111101101111111100');
INSERT INTO `seat` VALUES ('3083', '3', '12', '43', '1', '0010101100100000011100');
INSERT INTO `seat` VALUES ('3084', '3', '12', '44', '2', '1110101100101111111100');
INSERT INTO `seat` VALUES ('3085', '3', '12', '45', '1', '0010101100100000011100');
INSERT INTO `seat` VALUES ('3086', '3', '12', '46', '4', '1111111101101111111100');
INSERT INTO `seat` VALUES ('3087', '3', '12', '47', '4', '1111111101101111111100');
INSERT INTO `seat` VALUES ('3088', '3', '12', '48', '4', '1111111101101111111100');
INSERT INTO `seat` VALUES ('3089', '3', '12', '49', '1', '0010101100100000011100');
INSERT INTO `seat` VALUES ('3090', '3', '12', '50', '3', '0110101100001111111100');
INSERT INTO `seat` VALUES ('3091', '3', '13', '20', '3', '0110101100001111111100');
INSERT INTO `seat` VALUES ('3092', '3', '13', '21', '1', '0010101100100000011100');
INSERT INTO `seat` VALUES ('3093', '3', '13', '22', '1', '0010101110100000011100');
INSERT INTO `seat` VALUES ('3094', '3', '13', '23', '2', '1110101100101111111100');
INSERT INTO `seat` VALUES ('3095', '3', '13', '24', '1', '0010101110100000011100');
INSERT INTO `seat` VALUES ('3096', '3', '13', '25', '3', '1110101100001111111100');
INSERT INTO `seat` VALUES ('3097', '3', '13', '26', '1', '0011101110110000011100');
INSERT INTO `seat` VALUES ('3098', '3', '13', '27', '4', '1111111101101111111100');
INSERT INTO `seat` VALUES ('3099', '3', '13', '28', '1', '0011101110110100011100');
INSERT INTO `seat` VALUES ('3100', '3', '13', '29', '1', '0011101110110111011110');
INSERT INTO `seat` VALUES ('3101', '3', '13', '30', '2', '1110101100101111111100');
INSERT INTO `seat` VALUES ('3102', '3', '13', '31', '2', '1111101100101111111100');
INSERT INTO `seat` VALUES ('3103', '3', '13', '32', '2', '1111111100111111111100');
INSERT INTO `seat` VALUES ('3104', '3', '13', '33', '1', '0011101110110111111110');
INSERT INTO `seat` VALUES ('3105', '3', '13', '34', '2', '1111111100111111111100');
INSERT INTO `seat` VALUES ('3106', '3', '13', '35', '2', '1111111100111111111100');
INSERT INTO `seat` VALUES ('3107', '3', '13', '36', '2', '1111111100111111111100');
INSERT INTO `seat` VALUES ('3108', '3', '13', '37', '3', '1110101101001111111100');
INSERT INTO `seat` VALUES ('3109', '3', '13', '38', '4', '1111111101101111111100');
INSERT INTO `seat` VALUES ('3110', '3', '13', '39', '3', '1110101101001111111100');
INSERT INTO `seat` VALUES ('3111', '3', '13', '40', '4', '1111111111101111111100');
INSERT INTO `seat` VALUES ('3112', '3', '13', '41', '4', '1111111111101111111110');
INSERT INTO `seat` VALUES ('3113', '3', '13', '42', '2', '1111111101111111111100');
INSERT INTO `seat` VALUES ('3114', '3', '13', '43', '3', '1110101101101111111100');
INSERT INTO `seat` VALUES ('3115', '3', '13', '44', '2', '1111111101111111111100');
INSERT INTO `seat` VALUES ('3116', '3', '13', '45', '2', '1111111111111111111100');
INSERT INTO `seat` VALUES ('3117', '3', '13', '46', '1', '0111101110111111111110');
INSERT INTO `seat` VALUES ('3118', '3', '13', '47', '3', '1110101101101111111100');
INSERT INTO `seat` VALUES ('3119', '3', '13', '48', '3', '1110101101101111111100');
INSERT INTO `seat` VALUES ('3120', '3', '13', '49', '3', '1110101101101111111100');
INSERT INTO `seat` VALUES ('3121', '3', '13', '50', '3', '1110101101101111111100');
INSERT INTO `seat` VALUES ('3122', '3', '14', '20', '1', '0111101111111111111110');
INSERT INTO `seat` VALUES ('3123', '3', '14', '21', '4', '1111111111101111111110');
INSERT INTO `seat` VALUES ('3124', '3', '14', '22', '3', '1110101101101111111100');
INSERT INTO `seat` VALUES ('3125', '3', '14', '23', '2', '1111111111111111111100');
INSERT INTO `seat` VALUES ('3126', '3', '14', '24', '3', '1110101101101111111100');
INSERT INTO `seat` VALUES ('3127', '3', '14', '25', '4', '1111111111101111111110');
INSERT INTO `seat` VALUES ('3128', '3', '14', '26', '2', '1111111111111111111110');
INSERT INTO `seat` VALUES ('3129', '3', '14', '27', '1', '1111101111111111111110');
INSERT INTO `seat` VALUES ('3130', '3', '14', '28', '4', '1111111111101111111110');
INSERT INTO `seat` VALUES ('3131', '3', '14', '29', '1', '1111111111111111111110');
INSERT INTO `seat` VALUES ('3132', '3', '14', '30', '2', '1111111111111111111110');
INSERT INTO `seat` VALUES ('3133', '3', '14', '31', '3', '1110101101101111111110');
INSERT INTO `seat` VALUES ('3134', '3', '14', '32', '1', '1111111111111111111110');
INSERT INTO `seat` VALUES ('3135', '3', '14', '33', '2', '1111111111111111111110');
INSERT INTO `seat` VALUES ('3136', '3', '14', '34', '2', '1111111111111111111110');
INSERT INTO `seat` VALUES ('3137', '3', '14', '35', '2', '1111111111111111111110');
INSERT INTO `seat` VALUES ('3138', '3', '14', '36', '1', '1111111111111111111110');
INSERT INTO `seat` VALUES ('3139', '3', '14', '37', '1', '1111111111111111111111');
INSERT INTO `seat` VALUES ('3140', '3', '14', '38', '3', '1110101101101111111110');
INSERT INTO `seat` VALUES ('3141', '3', '14', '39', '2', '1111111111111111111110');
INSERT INTO `seat` VALUES ('3142', '3', '14', '40', '2', '1111111111111111111110');
INSERT INTO `seat` VALUES ('3143', '3', '14', '41', '4', '1111111111101111111110');
INSERT INTO `seat` VALUES ('3144', '3', '14', '42', '1', '1111111111111111111111');
INSERT INTO `seat` VALUES ('3145', '3', '14', '43', '4', '1111111111101111111110');
INSERT INTO `seat` VALUES ('3146', '3', '14', '44', '1', '1111111111111111111111');
INSERT INTO `seat` VALUES ('3147', '3', '14', '45', '2', '1111111111111111111110');
INSERT INTO `seat` VALUES ('3148', '3', '14', '46', '2', '1111111111111111111110');
INSERT INTO `seat` VALUES ('3149', '3', '14', '47', '2', '1111111111111111111110');
INSERT INTO `seat` VALUES ('3150', '3', '14', '48', '3', '1111101101101111111110');
INSERT INTO `seat` VALUES ('3151', '3', '14', '49', '4', '1111111111101111111110');
INSERT INTO `seat` VALUES ('3152', '3', '14', '50', '3', '1111101101101111111110');
INSERT INTO `seat` VALUES ('3153', '3', '15', '20', '1', '1111111111111111111111');
INSERT INTO `seat` VALUES ('3154', '3', '15', '21', '1', '1111111111111111111111');
INSERT INTO `seat` VALUES ('3155', '3', '15', '22', '1', '1111111111111111111111');
INSERT INTO `seat` VALUES ('3156', '3', '15', '23', '1', '1111111111111111111111');
INSERT INTO `seat` VALUES ('3157', '3', '15', '24', '1', '1111111111111111111111');
INSERT INTO `seat` VALUES ('3158', '3', '15', '25', '4', '1111111111101111111110');
INSERT INTO `seat` VALUES ('3159', '3', '15', '26', '3', '1111101101101111111110');
INSERT INTO `seat` VALUES ('3160', '3', '15', '27', '2', '1111111111111111111110');
INSERT INTO `seat` VALUES ('3161', '3', '15', '28', '4', '1111111111101111111110');
INSERT INTO `seat` VALUES ('3162', '3', '15', '29', '2', '1111111111111111111111');
INSERT INTO `seat` VALUES ('3163', '3', '15', '30', '2', '1111111111111111111111');
INSERT INTO `seat` VALUES ('3164', '3', '15', '31', '1', '1111111111111111111111');
INSERT INTO `seat` VALUES ('3165', '3', '15', '32', '1', '1111111111111111111111');
INSERT INTO `seat` VALUES ('3166', '3', '15', '33', '4', '1111111111101111111110');
INSERT INTO `seat` VALUES ('3167', '3', '15', '34', '1', '1111111111111111111111');
INSERT INTO `seat` VALUES ('3168', '3', '15', '35', '3', '1111101101101111111110');
INSERT INTO `seat` VALUES ('3169', '3', '15', '36', '4', '1111111111101111111110');
INSERT INTO `seat` VALUES ('3170', '3', '15', '37', '3', '1111101111101111111110');
INSERT INTO `seat` VALUES ('3171', '3', '15', '38', '4', '1111111111101111111110');
INSERT INTO `seat` VALUES ('3172', '3', '15', '39', '1', '1111111111111111111111');
INSERT INTO `seat` VALUES ('3173', '3', '15', '40', '2', '1111111111111111111111');
INSERT INTO `seat` VALUES ('3174', '3', '15', '41', '4', '1111111111101111111110');
INSERT INTO `seat` VALUES ('3175', '3', '15', '42', '3', '1111101111101111111110');
INSERT INTO `seat` VALUES ('3176', '3', '15', '43', '1', '1111111111111111111111');
INSERT INTO `seat` VALUES ('3177', '3', '15', '44', '1', '1111111111111111111111');
INSERT INTO `seat` VALUES ('3178', '3', '15', '45', '4', '1111111111101111111110');
INSERT INTO `seat` VALUES ('3179', '3', '15', '46', '3', '1111101111101111111110');
INSERT INTO `seat` VALUES ('3180', '3', '15', '47', '1', '1111111111111111111111');
INSERT INTO `seat` VALUES ('3181', '3', '15', '48', '1', '1111111111111111111111');
INSERT INTO `seat` VALUES ('3182', '3', '15', '49', '1', '1111111111111111111111');
INSERT INTO `seat` VALUES ('3183', '3', '15', '50', '4', '1111111111101111111110');
INSERT INTO `seat` VALUES ('3184', '3', '16', '20', '2', '1111111111111111111111');
INSERT INTO `seat` VALUES ('3185', '3', '16', '21', '3', '1111101111101111111110');
INSERT INTO `seat` VALUES ('3186', '3', '16', '22', '1', '1111111111111111111111');
INSERT INTO `seat` VALUES ('3187', '3', '16', '23', '1', '1111111111111111111111');
INSERT INTO `seat` VALUES ('3188', '3', '16', '24', '2', '1111111111111111111111');
INSERT INTO `seat` VALUES ('3189', '3', '16', '25', '3', '1111101111101111111110');
INSERT INTO `seat` VALUES ('3190', '3', '16', '26', '1', '1111111111111111111111');
INSERT INTO `seat` VALUES ('3191', '3', '16', '27', '2', '1111111111111111111111');
INSERT INTO `seat` VALUES ('3192', '3', '16', '28', '2', '1111111111111111111111');
INSERT INTO `seat` VALUES ('3193', '3', '16', '29', '2', '1111111111111111111111');
INSERT INTO `seat` VALUES ('3194', '3', '16', '30', '3', '1111111111111111111110');
INSERT INTO `seat` VALUES ('3195', '3', '16', '31', '2', '1111111111111111111111');
INSERT INTO `seat` VALUES ('3196', '3', '16', '32', '3', '1111111111111111111110');
INSERT INTO `seat` VALUES ('3197', '3', '16', '33', '1', '1111111111111111111111');
INSERT INTO `seat` VALUES ('3198', '3', '16', '34', '4', '1111111111111111111110');
INSERT INTO `seat` VALUES ('3199', '3', '16', '35', '3', '1111111111111111111110');
INSERT INTO `seat` VALUES ('3200', '3', '16', '36', '2', '1111111111111111111111');
INSERT INTO `seat` VALUES ('3201', '3', '16', '37', '4', '1111111111111111111110');
INSERT INTO `seat` VALUES ('3202', '3', '16', '38', '4', '1111111111111111111110');
INSERT INTO `seat` VALUES ('3203', '3', '16', '39', '3', '1111111111111111111110');
INSERT INTO `seat` VALUES ('3204', '3', '16', '40', '3', '1111111111111111111110');
INSERT INTO `seat` VALUES ('3205', '3', '16', '41', '3', '1111111111111111111110');
INSERT INTO `seat` VALUES ('3206', '3', '16', '42', '2', '1111111111111111111111');
INSERT INTO `seat` VALUES ('3207', '3', '16', '43', '3', '1111111111111111111110');
INSERT INTO `seat` VALUES ('3208', '3', '16', '44', '3', '1111111111111111111110');
INSERT INTO `seat` VALUES ('3209', '3', '16', '45', '1', '1111111111111111111111');
INSERT INTO `seat` VALUES ('3210', '3', '16', '46', '4', '1111111111111111111110');
INSERT INTO `seat` VALUES ('3211', '3', '16', '47', '1', '1111111111111111111111');
INSERT INTO `seat` VALUES ('3212', '3', '16', '48', '3', '1111111111111111111110');
INSERT INTO `seat` VALUES ('3213', '3', '16', '49', '4', '1111111111111111111110');
INSERT INTO `seat` VALUES ('3214', '3', '16', '50', '3', '1111111111111111111110');
INSERT INTO `seat` VALUES ('3215', '3', '17', '20', '3', '1111111111111111111110');
INSERT INTO `seat` VALUES ('3216', '3', '17', '21', '4', '1111111111111111111110');
INSERT INTO `seat` VALUES ('3217', '3', '17', '22', '4', '1111111111111111111110');
INSERT INTO `seat` VALUES ('3218', '3', '17', '23', '3', '1111111111111111111110');
INSERT INTO `seat` VALUES ('3219', '3', '17', '24', '1', '1111111111111111111111');
INSERT INTO `seat` VALUES ('3220', '3', '17', '25', '4', '1111111111111111111110');
INSERT INTO `seat` VALUES ('3221', '3', '17', '26', '4', '1111111111111111111110');
INSERT INTO `seat` VALUES ('3222', '3', '17', '27', '2', '1111111111111111111111');
INSERT INTO `seat` VALUES ('3223', '3', '17', '28', '2', '1111111111111111111111');
INSERT INTO `seat` VALUES ('3224', '3', '17', '29', '3', '1111111111111111111110');
INSERT INTO `seat` VALUES ('3225', '3', '17', '30', '1', '1111111111111111111111');
INSERT INTO `seat` VALUES ('3226', '3', '17', '31', '3', '1111111111111111111110');
INSERT INTO `seat` VALUES ('3227', '3', '17', '32', '4', '1111111111111111111110');
INSERT INTO `seat` VALUES ('3228', '3', '17', '33', '3', '1111111111111111111111');
INSERT INTO `seat` VALUES ('3229', '3', '17', '34', '1', '1111111111111111111111');
INSERT INTO `seat` VALUES ('3230', '3', '17', '35', '4', '1111111111111111111110');
INSERT INTO `seat` VALUES ('3231', '3', '17', '36', '1', '1111111111111111111111');
INSERT INTO `seat` VALUES ('3232', '3', '17', '37', '2', '1111111111111111111111');
INSERT INTO `seat` VALUES ('3233', '3', '17', '38', '1', '1111111111111111111111');
INSERT INTO `seat` VALUES ('3234', '3', '17', '39', '1', '1111111111111111111111');
INSERT INTO `seat` VALUES ('3235', '3', '17', '40', '2', '1111111111111111111111');
INSERT INTO `seat` VALUES ('3236', '3', '17', '41', '1', '1111111111111111111111');
INSERT INTO `seat` VALUES ('3237', '3', '17', '42', '2', '1111111111111111111111');
INSERT INTO `seat` VALUES ('3238', '3', '17', '43', '4', '1111111111111111111110');
INSERT INTO `seat` VALUES ('3239', '3', '17', '44', '1', '1111111111111111111111');
INSERT INTO `seat` VALUES ('3240', '3', '17', '45', '2', '1111111111111111111111');
INSERT INTO `seat` VALUES ('3241', '3', '17', '46', '4', '1111111111111111111110');
INSERT INTO `seat` VALUES ('3242', '3', '17', '47', '2', '1111111111111111111111');
INSERT INTO `seat` VALUES ('3243', '3', '17', '48', '2', '1111111111111111111111');
INSERT INTO `seat` VALUES ('3244', '3', '17', '49', '1', '1111111111111111111111');
INSERT INTO `seat` VALUES ('3245', '3', '17', '50', '2', '1111111111111111111111');
INSERT INTO `seat` VALUES ('3246', '3', '18', '20', '1', '1111111111111111111111');
INSERT INTO `seat` VALUES ('3247', '3', '18', '21', '2', '1111111111111111111111');
INSERT INTO `seat` VALUES ('3248', '3', '18', '22', '3', '1111111111111111111111');
INSERT INTO `seat` VALUES ('3249', '3', '18', '23', '1', '1111111111111111111111');
INSERT INTO `seat` VALUES ('3250', '3', '18', '24', '4', '1111111111111111111110');
INSERT INTO `seat` VALUES ('3251', '3', '18', '25', '4', '1111111111111111111110');
INSERT INTO `seat` VALUES ('3252', '3', '18', '26', '2', '1111111111111111111111');
INSERT INTO `seat` VALUES ('3253', '3', '18', '27', '3', '1111111111111111111111');
INSERT INTO `seat` VALUES ('3254', '3', '18', '28', '2', '1111111111111111111111');
INSERT INTO `seat` VALUES ('3255', '3', '18', '29', '2', '1111111111111111111111');
INSERT INTO `seat` VALUES ('3256', '3', '18', '30', '2', '1111111111111111111111');
INSERT INTO `seat` VALUES ('3257', '3', '18', '31', '4', '1111111111111111111110');
INSERT INTO `seat` VALUES ('3258', '3', '18', '32', '4', '1111111111111111111110');
INSERT INTO `seat` VALUES ('3259', '3', '18', '33', '3', '1111111111111111111111');
INSERT INTO `seat` VALUES ('3260', '3', '18', '34', '4', '1111111111111111111111');
INSERT INTO `seat` VALUES ('3261', '3', '18', '35', '4', '1111111111111111111111');
INSERT INTO `seat` VALUES ('3262', '3', '18', '36', '2', '1111111111111111111111');
INSERT INTO `seat` VALUES ('3263', '3', '18', '37', '3', '1111111111111111111111');
INSERT INTO `seat` VALUES ('3264', '3', '18', '38', '1', '1111111111111111111111');
INSERT INTO `seat` VALUES ('3265', '3', '18', '39', '2', '1111111111111111111111');
INSERT INTO `seat` VALUES ('3266', '3', '18', '40', '2', '1111111111111111111111');
INSERT INTO `seat` VALUES ('3267', '3', '18', '41', '4', '1111111111111111111111');
INSERT INTO `seat` VALUES ('3268', '3', '18', '42', '4', '1111111111111111111111');
INSERT INTO `seat` VALUES ('3269', '3', '18', '43', '1', '1111111111111111111111');
INSERT INTO `seat` VALUES ('3270', '3', '18', '44', '4', '1111111111111111111111');
INSERT INTO `seat` VALUES ('3271', '3', '18', '45', '2', '1111111111111111111111');
INSERT INTO `seat` VALUES ('3272', '3', '18', '46', '4', '1111111111111111111111');
INSERT INTO `seat` VALUES ('3273', '3', '18', '47', '2', '1111111111111111111111');
INSERT INTO `seat` VALUES ('3274', '3', '18', '48', '4', '1111111111111111111111');
INSERT INTO `seat` VALUES ('3275', '3', '18', '49', '2', '1111111111111111111111');
INSERT INTO `seat` VALUES ('3276', '3', '18', '50', '3', '1111111111111111111111');
INSERT INTO `seat` VALUES ('3277', '4', '1', '20', '2', '000000000000000000');
INSERT INTO `seat` VALUES ('3278', '4', '1', '21', '4', '000000000000000000');
INSERT INTO `seat` VALUES ('3279', '4', '1', '22', '4', '000000000000000000');
INSERT INTO `seat` VALUES ('3280', '4', '1', '23', '4', '000000000000000000');
INSERT INTO `seat` VALUES ('3281', '4', '1', '24', '4', '000000000000000000');
INSERT INTO `seat` VALUES ('3282', '4', '1', '25', '2', '000000000000000000');
INSERT INTO `seat` VALUES ('3283', '4', '1', '26', '1', '000000000000000000');
INSERT INTO `seat` VALUES ('3284', '4', '1', '27', '1', '000000000000000000');
INSERT INTO `seat` VALUES ('3285', '4', '1', '28', '3', '000000000000000000');
INSERT INTO `seat` VALUES ('3286', '4', '1', '29', '2', '000000000000000000');
INSERT INTO `seat` VALUES ('3287', '4', '1', '30', '2', '000000000000000000');
INSERT INTO `seat` VALUES ('3288', '4', '1', '31', '2', '000000000000000000');
INSERT INTO `seat` VALUES ('3289', '4', '1', '32', '2', '000000000000000000');
INSERT INTO `seat` VALUES ('3290', '4', '1', '33', '2', '000000000000000000');
INSERT INTO `seat` VALUES ('3291', '4', '1', '34', '4', '000000000000000000');
INSERT INTO `seat` VALUES ('3292', '4', '1', '35', '4', '000000000000000000');
INSERT INTO `seat` VALUES ('3293', '4', '1', '36', '3', '000000000000000000');
INSERT INTO `seat` VALUES ('3294', '4', '1', '37', '4', '000000000000000000');
INSERT INTO `seat` VALUES ('3295', '4', '1', '38', '2', '000000000000000000');
INSERT INTO `seat` VALUES ('3296', '4', '1', '39', '4', '000000000000000000');
INSERT INTO `seat` VALUES ('3297', '4', '1', '40', '2', '000000000000000000');
INSERT INTO `seat` VALUES ('3298', '4', '1', '41', '2', '000000000000000000');
INSERT INTO `seat` VALUES ('3299', '4', '1', '42', '4', '000000000000000000');
INSERT INTO `seat` VALUES ('3300', '4', '1', '43', '3', '000000000000000000');
INSERT INTO `seat` VALUES ('3301', '4', '1', '44', '2', '000000000000000000');
INSERT INTO `seat` VALUES ('3302', '4', '1', '45', '4', '000000000000000000');
INSERT INTO `seat` VALUES ('3303', '4', '1', '46', '3', '000000000000000000');
INSERT INTO `seat` VALUES ('3304', '4', '1', '47', '2', '000000000000000000');
INSERT INTO `seat` VALUES ('3305', '4', '1', '48', '1', '000000000000000000');
INSERT INTO `seat` VALUES ('3306', '4', '1', '49', '1', '000000000000000000');
INSERT INTO `seat` VALUES ('3307', '4', '1', '50', '4', '000000000000000000');
INSERT INTO `seat` VALUES ('3308', '4', '2', '20', '4', '000000000000000000');
INSERT INTO `seat` VALUES ('3309', '4', '2', '21', '4', '000000000000000000');
INSERT INTO `seat` VALUES ('3310', '4', '2', '22', '4', '000000000000000000');
INSERT INTO `seat` VALUES ('3311', '4', '2', '23', '3', '000000000000000000');
INSERT INTO `seat` VALUES ('3312', '4', '2', '24', '3', '000000000000000000');
INSERT INTO `seat` VALUES ('3313', '4', '2', '25', '3', '000000000000000000');
INSERT INTO `seat` VALUES ('3314', '4', '2', '26', '3', '000000000000000000');
INSERT INTO `seat` VALUES ('3315', '4', '2', '27', '2', '000000000000000000');
INSERT INTO `seat` VALUES ('3316', '4', '2', '28', '2', '000000000000000000');
INSERT INTO `seat` VALUES ('3317', '4', '2', '29', '3', '000000000000000000');
INSERT INTO `seat` VALUES ('3318', '4', '2', '30', '4', '000000000000000000');
INSERT INTO `seat` VALUES ('3319', '4', '2', '31', '1', '000000000000000000');
INSERT INTO `seat` VALUES ('3320', '4', '2', '32', '4', '000000000000000000');
INSERT INTO `seat` VALUES ('3321', '4', '2', '33', '4', '000000000000000000');
INSERT INTO `seat` VALUES ('3322', '4', '2', '34', '4', '000000000000000000');
INSERT INTO `seat` VALUES ('3323', '4', '2', '35', '4', '000000000000000000');
INSERT INTO `seat` VALUES ('3324', '4', '2', '36', '1', '000000000000000000');
INSERT INTO `seat` VALUES ('3325', '4', '2', '37', '3', '000000000000000000');
INSERT INTO `seat` VALUES ('3326', '4', '2', '38', '2', '000000000000000000');
INSERT INTO `seat` VALUES ('3327', '4', '2', '39', '3', '000000000000000000');
INSERT INTO `seat` VALUES ('3328', '4', '2', '40', '3', '000000000000000000');
INSERT INTO `seat` VALUES ('3329', '4', '2', '41', '3', '000000000000000000');
INSERT INTO `seat` VALUES ('3330', '4', '2', '42', '4', '000000000000000000');
INSERT INTO `seat` VALUES ('3331', '4', '2', '43', '2', '000000000000000000');
INSERT INTO `seat` VALUES ('3332', '4', '2', '44', '2', '000000000000000000');
INSERT INTO `seat` VALUES ('3333', '4', '2', '45', '2', '000000000000000000');
INSERT INTO `seat` VALUES ('3334', '4', '2', '46', '2', '000000000000000000');
INSERT INTO `seat` VALUES ('3335', '4', '2', '47', '4', '000000000000000000');
INSERT INTO `seat` VALUES ('3336', '4', '2', '48', '1', '000000000000000000');
INSERT INTO `seat` VALUES ('3337', '4', '2', '49', '2', '000000000000000000');
INSERT INTO `seat` VALUES ('3338', '4', '2', '50', '4', '000000000000000000');
INSERT INTO `seat` VALUES ('3339', '4', '3', '20', '3', '000000000000000000');
INSERT INTO `seat` VALUES ('3340', '4', '3', '21', '3', '000000000000000000');
INSERT INTO `seat` VALUES ('3341', '4', '3', '22', '2', '000000000000000000');
INSERT INTO `seat` VALUES ('3342', '4', '3', '23', '2', '000000000000000000');
INSERT INTO `seat` VALUES ('3343', '4', '3', '24', '4', '000000000000000000');
INSERT INTO `seat` VALUES ('3344', '4', '3', '25', '1', '000000000000000000');
INSERT INTO `seat` VALUES ('3345', '4', '3', '26', '1', '000000000000000000');
INSERT INTO `seat` VALUES ('3346', '4', '3', '27', '1', '000000000000000000');
INSERT INTO `seat` VALUES ('3347', '4', '3', '28', '2', '000000000000000000');
INSERT INTO `seat` VALUES ('3348', '4', '3', '29', '1', '000000000000000000');
INSERT INTO `seat` VALUES ('3349', '4', '3', '30', '4', '000000000000000000');
INSERT INTO `seat` VALUES ('3350', '4', '3', '31', '4', '000000000000000000');
INSERT INTO `seat` VALUES ('3351', '4', '3', '32', '4', '000000000000000000');
INSERT INTO `seat` VALUES ('3352', '4', '3', '33', '3', '000000000000000000');
INSERT INTO `seat` VALUES ('3353', '4', '3', '34', '2', '000000000000000000');
INSERT INTO `seat` VALUES ('3354', '4', '3', '35', '4', '000000000000000000');
INSERT INTO `seat` VALUES ('3355', '4', '3', '36', '1', '000000000000000000');
INSERT INTO `seat` VALUES ('3356', '4', '3', '37', '1', '000000000000000000');
INSERT INTO `seat` VALUES ('3357', '4', '3', '38', '1', '000000000000000000');
INSERT INTO `seat` VALUES ('3358', '4', '3', '39', '1', '000000000000000000');
INSERT INTO `seat` VALUES ('3359', '4', '3', '40', '2', '000000000000000000');
INSERT INTO `seat` VALUES ('3360', '4', '3', '41', '1', '000000000000000000');
INSERT INTO `seat` VALUES ('3361', '4', '3', '42', '1', '000000000000000000');
INSERT INTO `seat` VALUES ('3362', '4', '3', '43', '1', '000000000000000000');
INSERT INTO `seat` VALUES ('3363', '4', '3', '44', '1', '000000000000000000');
INSERT INTO `seat` VALUES ('3364', '4', '3', '45', '1', '000000000000000000');
INSERT INTO `seat` VALUES ('3365', '4', '3', '46', '3', '000000000000000000');
INSERT INTO `seat` VALUES ('3366', '4', '3', '47', '4', '000000000000000000');
INSERT INTO `seat` VALUES ('3367', '4', '3', '48', '4', '000000000000000000');
INSERT INTO `seat` VALUES ('3368', '4', '3', '49', '1', '000000000000000000');
INSERT INTO `seat` VALUES ('3369', '4', '3', '50', '1', '000000000000000000');
INSERT INTO `seat` VALUES ('3370', '4', '4', '20', '3', '000000000000000000');
INSERT INTO `seat` VALUES ('3371', '4', '4', '21', '4', '000000000000000000');
INSERT INTO `seat` VALUES ('3372', '4', '4', '22', '3', '000000000000000000');
INSERT INTO `seat` VALUES ('3373', '4', '4', '23', '1', '000000000000000000');
INSERT INTO `seat` VALUES ('3374', '4', '4', '24', '2', '000000000000000000');
INSERT INTO `seat` VALUES ('3375', '4', '4', '25', '1', '000000000000000000');
INSERT INTO `seat` VALUES ('3376', '4', '4', '26', '4', '000000000000000000');
INSERT INTO `seat` VALUES ('3377', '4', '4', '27', '1', '000000000000000000');
INSERT INTO `seat` VALUES ('3378', '4', '4', '28', '3', '000000000000000000');
INSERT INTO `seat` VALUES ('3379', '4', '4', '29', '4', '000000000000000000');
INSERT INTO `seat` VALUES ('3380', '4', '4', '30', '1', '000000000000000000');
INSERT INTO `seat` VALUES ('3381', '4', '4', '31', '3', '000000000000000000');
INSERT INTO `seat` VALUES ('3382', '4', '4', '32', '2', '000000000000000000');
INSERT INTO `seat` VALUES ('3383', '4', '4', '33', '4', '000000000000000000');
INSERT INTO `seat` VALUES ('3384', '4', '4', '34', '2', '000000000000000000');
INSERT INTO `seat` VALUES ('3385', '4', '4', '35', '3', '000000000000000000');
INSERT INTO `seat` VALUES ('3386', '4', '4', '36', '1', '000000000000000000');
INSERT INTO `seat` VALUES ('3387', '4', '4', '37', '4', '000000000000000000');
INSERT INTO `seat` VALUES ('3388', '4', '4', '38', '2', '000000000000000000');
INSERT INTO `seat` VALUES ('3389', '4', '4', '39', '2', '000000000000000000');
INSERT INTO `seat` VALUES ('3390', '4', '4', '40', '4', '000000000000000000');
INSERT INTO `seat` VALUES ('3391', '4', '4', '41', '4', '000000000000000000');
INSERT INTO `seat` VALUES ('3392', '4', '4', '42', '2', '000000000000000000');
INSERT INTO `seat` VALUES ('3393', '4', '4', '43', '3', '000000000000000000');
INSERT INTO `seat` VALUES ('3394', '4', '4', '44', '1', '000000000000000000');
INSERT INTO `seat` VALUES ('3395', '4', '4', '45', '3', '000000000000000000');
INSERT INTO `seat` VALUES ('3396', '4', '4', '46', '1', '000000000000000000');
INSERT INTO `seat` VALUES ('3397', '4', '4', '47', '3', '000000000000000000');
INSERT INTO `seat` VALUES ('3398', '4', '4', '48', '3', '000000000000000000');
INSERT INTO `seat` VALUES ('3399', '4', '4', '49', '1', '000000000000000000');
INSERT INTO `seat` VALUES ('3400', '4', '4', '50', '1', '000000000000000000');
INSERT INTO `seat` VALUES ('3401', '4', '5', '20', '2', '000000000000000000');
INSERT INTO `seat` VALUES ('3402', '4', '5', '21', '3', '000000000000000000');
INSERT INTO `seat` VALUES ('3403', '4', '5', '22', '4', '000000000000000000');
INSERT INTO `seat` VALUES ('3404', '4', '5', '23', '2', '000000000000000000');
INSERT INTO `seat` VALUES ('3405', '4', '5', '24', '4', '000000000000001000');
INSERT INTO `seat` VALUES ('3406', '4', '5', '25', '3', '000000000000000000');
INSERT INTO `seat` VALUES ('3407', '4', '5', '26', '4', '000000000000001000');
INSERT INTO `seat` VALUES ('3408', '4', '5', '27', '2', '000000000000000000');
INSERT INTO `seat` VALUES ('3409', '4', '5', '28', '3', '000000000000000000');
INSERT INTO `seat` VALUES ('3410', '4', '5', '29', '4', '000000000000001000');
INSERT INTO `seat` VALUES ('3411', '4', '5', '30', '4', '000000000000001000');
INSERT INTO `seat` VALUES ('3412', '4', '5', '31', '2', '000000000000000000');
INSERT INTO `seat` VALUES ('3413', '4', '5', '32', '3', '000000000000000000');
INSERT INTO `seat` VALUES ('3414', '4', '5', '33', '1', '000000000000000000');
INSERT INTO `seat` VALUES ('3415', '4', '5', '34', '4', '000000000000001000');
INSERT INTO `seat` VALUES ('3416', '4', '5', '35', '4', '000000000000001000');
INSERT INTO `seat` VALUES ('3417', '4', '5', '36', '2', '000000000000000000');
INSERT INTO `seat` VALUES ('3418', '4', '5', '37', '3', '000000000000000000');
INSERT INTO `seat` VALUES ('3419', '4', '5', '38', '4', '000000000000001000');
INSERT INTO `seat` VALUES ('3420', '4', '5', '39', '2', '000000000000000000');
INSERT INTO `seat` VALUES ('3421', '4', '5', '40', '2', '000000000000000000');
INSERT INTO `seat` VALUES ('3422', '4', '5', '41', '1', '000000000000000000');
INSERT INTO `seat` VALUES ('3423', '4', '5', '42', '2', '000000000000000000');
INSERT INTO `seat` VALUES ('3424', '4', '5', '43', '2', '000000000000000000');
INSERT INTO `seat` VALUES ('3425', '4', '5', '44', '4', '000000000000001000');
INSERT INTO `seat` VALUES ('3426', '4', '5', '45', '3', '000000000000000000');
INSERT INTO `seat` VALUES ('3427', '4', '5', '46', '2', '000000000000000000');
INSERT INTO `seat` VALUES ('3428', '4', '5', '47', '1', '000000000000000000');
INSERT INTO `seat` VALUES ('3429', '4', '5', '48', '1', '000000000000000000');
INSERT INTO `seat` VALUES ('3430', '4', '5', '49', '4', '000000000000001000');
INSERT INTO `seat` VALUES ('3431', '4', '5', '50', '4', '000000000000001000');
INSERT INTO `seat` VALUES ('3432', '4', '6', '20', '4', '000000000000001000');
INSERT INTO `seat` VALUES ('3433', '4', '6', '21', '2', '000000000000000000');
INSERT INTO `seat` VALUES ('3434', '4', '6', '22', '4', '000000000000001000');
INSERT INTO `seat` VALUES ('3435', '4', '6', '23', '1', '000000000000000000');
INSERT INTO `seat` VALUES ('3436', '4', '6', '24', '3', '000000000000000000');
INSERT INTO `seat` VALUES ('3437', '4', '6', '25', '3', '000000000000000000');
INSERT INTO `seat` VALUES ('3438', '4', '6', '26', '2', '000000000000000000');
INSERT INTO `seat` VALUES ('3439', '4', '6', '27', '2', '000000000000000000');
INSERT INTO `seat` VALUES ('3440', '4', '6', '28', '4', '000000000000001000');
INSERT INTO `seat` VALUES ('3441', '4', '6', '29', '3', '000000000000000000');
INSERT INTO `seat` VALUES ('3442', '4', '6', '30', '1', '000000000000000000');
INSERT INTO `seat` VALUES ('3443', '4', '6', '31', '3', '000000000000000000');
INSERT INTO `seat` VALUES ('3444', '4', '6', '32', '3', '000000000000000000');
INSERT INTO `seat` VALUES ('3445', '4', '6', '33', '1', '000000000000000000');
INSERT INTO `seat` VALUES ('3446', '4', '6', '34', '2', '000000000000000000');
INSERT INTO `seat` VALUES ('3447', '4', '6', '35', '2', '000000000000000000');
INSERT INTO `seat` VALUES ('3448', '4', '6', '36', '2', '000000000000000000');
INSERT INTO `seat` VALUES ('3449', '4', '6', '37', '3', '000000000000000000');
INSERT INTO `seat` VALUES ('3450', '4', '6', '38', '4', '000000000000001001');
INSERT INTO `seat` VALUES ('3451', '4', '6', '39', '1', '000000000000000000');
INSERT INTO `seat` VALUES ('3452', '4', '6', '40', '2', '000000000000000000');
INSERT INTO `seat` VALUES ('3453', '4', '6', '41', '3', '000000000000000000');
INSERT INTO `seat` VALUES ('3454', '4', '6', '42', '3', '000000000000000000');
INSERT INTO `seat` VALUES ('3455', '4', '6', '43', '3', '000000000000000000');
INSERT INTO `seat` VALUES ('3456', '4', '6', '44', '3', '000000000000000000');
INSERT INTO `seat` VALUES ('3457', '4', '6', '45', '3', '000000000000000000');
INSERT INTO `seat` VALUES ('3458', '4', '6', '46', '3', '000000000000000000');
INSERT INTO `seat` VALUES ('3459', '4', '6', '47', '1', '000000000000000000');
INSERT INTO `seat` VALUES ('3460', '4', '6', '48', '4', '000000000000001001');
INSERT INTO `seat` VALUES ('3461', '4', '6', '49', '2', '000000000000000000');
INSERT INTO `seat` VALUES ('3462', '4', '6', '50', '3', '000000000000000000');
INSERT INTO `seat` VALUES ('3463', '4', '7', '20', '1', '000000000000000000');
INSERT INTO `seat` VALUES ('3464', '4', '7', '21', '2', '000000000000000000');
INSERT INTO `seat` VALUES ('3465', '4', '7', '22', '3', '000000000000001000');
INSERT INTO `seat` VALUES ('3466', '4', '7', '23', '4', '000000000000001001');
INSERT INTO `seat` VALUES ('3467', '4', '7', '24', '1', '000000000000000000');
INSERT INTO `seat` VALUES ('3468', '4', '7', '25', '4', '000000000000001001');
INSERT INTO `seat` VALUES ('3469', '4', '7', '26', '3', '000000000000001000');
INSERT INTO `seat` VALUES ('3470', '4', '7', '27', '2', '000000000000000000');
INSERT INTO `seat` VALUES ('3471', '4', '7', '28', '2', '000000000000000000');
INSERT INTO `seat` VALUES ('3472', '4', '7', '29', '3', '000000000000001000');
INSERT INTO `seat` VALUES ('3473', '4', '7', '30', '4', '001000000000001001');
INSERT INTO `seat` VALUES ('3474', '4', '7', '31', '2', '000000000000000000');
INSERT INTO `seat` VALUES ('3475', '4', '7', '32', '4', '001000000000001001');
INSERT INTO `seat` VALUES ('3476', '4', '7', '33', '1', '000000000000000000');
INSERT INTO `seat` VALUES ('3477', '4', '7', '34', '1', '000000000000000000');
INSERT INTO `seat` VALUES ('3478', '4', '7', '35', '4', '001000000000001001');
INSERT INTO `seat` VALUES ('3479', '4', '7', '36', '3', '000000000000001000');
INSERT INTO `seat` VALUES ('3480', '4', '7', '37', '2', '000000000000000000');
INSERT INTO `seat` VALUES ('3481', '4', '7', '38', '1', '000000000000000000');
INSERT INTO `seat` VALUES ('3482', '4', '7', '39', '3', '000000000000001000');
INSERT INTO `seat` VALUES ('3483', '4', '7', '40', '2', '000000000000000000');
INSERT INTO `seat` VALUES ('3484', '4', '7', '41', '4', '001000000000001001');
INSERT INTO `seat` VALUES ('3485', '4', '7', '42', '3', '000000000000001000');
INSERT INTO `seat` VALUES ('3486', '4', '7', '43', '2', '000000000000000000');
INSERT INTO `seat` VALUES ('3487', '4', '7', '44', '2', '000000000000000000');
INSERT INTO `seat` VALUES ('3488', '4', '7', '45', '4', '001000000000001001');
INSERT INTO `seat` VALUES ('3489', '4', '7', '46', '2', '000000000000000000');
INSERT INTO `seat` VALUES ('3490', '4', '7', '47', '3', '000000000000001000');
INSERT INTO `seat` VALUES ('3491', '4', '7', '48', '2', '000000000000000000');
INSERT INTO `seat` VALUES ('3492', '4', '7', '49', '2', '000000000000000000');
INSERT INTO `seat` VALUES ('3493', '4', '7', '50', '1', '000000000000000000');
INSERT INTO `seat` VALUES ('3494', '4', '8', '20', '1', '000000000000000000');
INSERT INTO `seat` VALUES ('3495', '4', '8', '21', '2', '000000000000000000');
INSERT INTO `seat` VALUES ('3496', '4', '8', '22', '4', '001000000000001001');
INSERT INTO `seat` VALUES ('3497', '4', '8', '23', '4', '001000000000001001');
INSERT INTO `seat` VALUES ('3498', '4', '8', '24', '4', '001000000000001001');
INSERT INTO `seat` VALUES ('3499', '4', '8', '25', '4', '001100000000001001');
INSERT INTO `seat` VALUES ('3500', '4', '8', '26', '3', '000000000000001000');
INSERT INTO `seat` VALUES ('3501', '4', '8', '27', '2', '000000000000000000');
INSERT INTO `seat` VALUES ('3502', '4', '8', '28', '1', '000000000000000000');
INSERT INTO `seat` VALUES ('3503', '4', '8', '29', '3', '000000000000001000');
INSERT INTO `seat` VALUES ('3504', '4', '8', '30', '2', '000000000000000000');
INSERT INTO `seat` VALUES ('3505', '4', '8', '31', '1', '000000000000000000');
INSERT INTO `seat` VALUES ('3506', '4', '8', '32', '1', '000000000000000000');
INSERT INTO `seat` VALUES ('3507', '4', '8', '33', '1', '000000000000000000');
INSERT INTO `seat` VALUES ('3508', '4', '8', '34', '4', '001100000000001001');
INSERT INTO `seat` VALUES ('3509', '4', '8', '35', '3', '000000000000001000');
INSERT INTO `seat` VALUES ('3510', '4', '8', '36', '1', '000000000000000000');
INSERT INTO `seat` VALUES ('3511', '4', '8', '37', '2', '000000000000000000');
INSERT INTO `seat` VALUES ('3512', '4', '8', '38', '4', '001100000000001001');
INSERT INTO `seat` VALUES ('3513', '4', '8', '39', '1', '000000000000000000');
INSERT INTO `seat` VALUES ('3514', '4', '8', '40', '3', '000000000000001000');
INSERT INTO `seat` VALUES ('3515', '4', '8', '41', '1', '000000000000000000');
INSERT INTO `seat` VALUES ('3516', '4', '8', '42', '4', '001100000100001001');
INSERT INTO `seat` VALUES ('3517', '4', '8', '43', '3', '000000000000001000');
INSERT INTO `seat` VALUES ('3518', '4', '8', '44', '4', '001100000100001001');
INSERT INTO `seat` VALUES ('3519', '4', '8', '45', '2', '000000000000000000');
INSERT INTO `seat` VALUES ('3520', '4', '8', '46', '2', '000000000000001000');
INSERT INTO `seat` VALUES ('3521', '4', '8', '47', '2', '000000000000001000');
INSERT INTO `seat` VALUES ('3522', '4', '8', '48', '1', '000000000000000000');
INSERT INTO `seat` VALUES ('3523', '4', '8', '49', '2', '000000000000001000');
INSERT INTO `seat` VALUES ('3524', '4', '8', '50', '1', '000000000000000000');
INSERT INTO `seat` VALUES ('3525', '4', '9', '20', '1', '000000000000000000');
INSERT INTO `seat` VALUES ('3526', '4', '9', '21', '4', '001100000100001001');
INSERT INTO `seat` VALUES ('3527', '4', '9', '22', '2', '000000000000001000');
INSERT INTO `seat` VALUES ('3528', '4', '9', '23', '1', '000000000000000000');
INSERT INTO `seat` VALUES ('3529', '4', '9', '24', '2', '000000000000001000');
INSERT INTO `seat` VALUES ('3530', '4', '9', '25', '3', '000000000000001000');
INSERT INTO `seat` VALUES ('3531', '4', '9', '26', '2', '000000000000001000');
INSERT INTO `seat` VALUES ('3532', '4', '9', '27', '2', '000000000000001000');
INSERT INTO `seat` VALUES ('3533', '4', '9', '28', '4', '001100000100001001');
INSERT INTO `seat` VALUES ('3534', '4', '9', '29', '2', '000000000000001000');
INSERT INTO `seat` VALUES ('3535', '4', '9', '30', '3', '000000000000001000');
INSERT INTO `seat` VALUES ('3536', '4', '9', '31', '4', '001100000100001001');
INSERT INTO `seat` VALUES ('3537', '4', '9', '32', '1', '000000000000000000');
INSERT INTO `seat` VALUES ('3538', '4', '9', '33', '4', '001100000100001001');
INSERT INTO `seat` VALUES ('3539', '4', '9', '34', '4', '001100000100001001');
INSERT INTO `seat` VALUES ('3540', '4', '9', '35', '2', '000100000000001000');
INSERT INTO `seat` VALUES ('3541', '4', '9', '36', '2', '000100000000001000');
INSERT INTO `seat` VALUES ('3542', '4', '9', '37', '3', '000000000000001000');
INSERT INTO `seat` VALUES ('3543', '4', '9', '38', '2', '000100000000001000');
INSERT INTO `seat` VALUES ('3544', '4', '9', '39', '3', '000000000000001001');
INSERT INTO `seat` VALUES ('3545', '4', '9', '40', '1', '000000000000000000');
INSERT INTO `seat` VALUES ('3546', '4', '9', '41', '1', '000000000000000000');
INSERT INTO `seat` VALUES ('3547', '4', '9', '42', '1', '000000000000000000');
INSERT INTO `seat` VALUES ('3548', '4', '9', '43', '3', '000000000000001001');
INSERT INTO `seat` VALUES ('3549', '4', '9', '44', '4', '001110000100001001');
INSERT INTO `seat` VALUES ('3550', '4', '9', '45', '4', '001110000100001001');
INSERT INTO `seat` VALUES ('3551', '4', '9', '46', '1', '000000000000000000');
INSERT INTO `seat` VALUES ('3552', '4', '9', '47', '3', '000000000000001001');
INSERT INTO `seat` VALUES ('3553', '4', '9', '48', '3', '000000000000001001');
INSERT INTO `seat` VALUES ('3554', '4', '9', '49', '3', '000000000000001001');
INSERT INTO `seat` VALUES ('3555', '4', '9', '50', '3', '000010000000001001');
INSERT INTO `seat` VALUES ('3556', '4', '10', '20', '3', '000010000000001001');
INSERT INTO `seat` VALUES ('3557', '4', '10', '21', '1', '000000000000000000');
INSERT INTO `seat` VALUES ('3558', '4', '10', '22', '2', '000100000000001001');
INSERT INTO `seat` VALUES ('3559', '4', '10', '23', '3', '000010000000001001');
INSERT INTO `seat` VALUES ('3560', '4', '10', '24', '2', '000100000000001001');
INSERT INTO `seat` VALUES ('3561', '4', '10', '25', '3', '000010000000001001');
INSERT INTO `seat` VALUES ('3562', '4', '10', '26', '3', '001010000000001001');
INSERT INTO `seat` VALUES ('3563', '4', '10', '27', '3', '001010000000001001');
INSERT INTO `seat` VALUES ('3564', '4', '10', '28', '3', '001010000000001001');
INSERT INTO `seat` VALUES ('3565', '4', '10', '29', '2', '000100000000001001');
INSERT INTO `seat` VALUES ('3566', '4', '10', '30', '4', '001110000100011001');
INSERT INTO `seat` VALUES ('3567', '4', '10', '31', '3', '001010000000001001');
INSERT INTO `seat` VALUES ('3568', '4', '10', '32', '3', '001010000100001001');
INSERT INTO `seat` VALUES ('3569', '4', '10', '33', '1', '000000000000000000');
INSERT INTO `seat` VALUES ('3570', '4', '10', '34', '1', '000000000000000000');
INSERT INTO `seat` VALUES ('3571', '4', '10', '35', '4', '001110000100011001');
INSERT INTO `seat` VALUES ('3572', '4', '10', '36', '1', '000000000000000000');
INSERT INTO `seat` VALUES ('3573', '4', '10', '37', '1', '000000000000000000');
INSERT INTO `seat` VALUES ('3574', '4', '10', '38', '3', '001110000100001001');
INSERT INTO `seat` VALUES ('3575', '4', '10', '39', '1', '000000000000000000');
INSERT INTO `seat` VALUES ('3576', '4', '10', '40', '1', '000000000000000000');
INSERT INTO `seat` VALUES ('3577', '4', '10', '41', '4', '001110000100011001');
INSERT INTO `seat` VALUES ('3578', '4', '10', '42', '2', '000100000000001001');
INSERT INTO `seat` VALUES ('3579', '4', '10', '43', '4', '001110000100011001');
INSERT INTO `seat` VALUES ('3580', '4', '10', '44', '2', '001100000000001001');
INSERT INTO `seat` VALUES ('3581', '4', '10', '45', '4', '001110000100011001');
INSERT INTO `seat` VALUES ('3582', '4', '10', '46', '2', '001100000000001001');
INSERT INTO `seat` VALUES ('3583', '4', '10', '47', '1', '000000000000000000');
INSERT INTO `seat` VALUES ('3584', '4', '10', '48', '4', '001110000100011001');
INSERT INTO `seat` VALUES ('3585', '4', '10', '49', '1', '000000000000000000');
INSERT INTO `seat` VALUES ('3586', '4', '10', '50', '4', '001110000110011001');
INSERT INTO `seat` VALUES ('3587', '4', '11', '20', '4', '001110000110111001');
INSERT INTO `seat` VALUES ('3588', '4', '11', '21', '4', '001110000110111001');
INSERT INTO `seat` VALUES ('3589', '4', '11', '22', '1', '000000000000000000');
INSERT INTO `seat` VALUES ('3590', '4', '11', '23', '3', '001110000100001001');
INSERT INTO `seat` VALUES ('3591', '4', '11', '24', '1', '000000000000000000');
INSERT INTO `seat` VALUES ('3592', '4', '11', '25', '4', '001110001110111001');
INSERT INTO `seat` VALUES ('3593', '4', '11', '26', '1', '000000000000000000');
INSERT INTO `seat` VALUES ('3594', '4', '11', '27', '2', '001110000000101001');
INSERT INTO `seat` VALUES ('3595', '4', '11', '28', '4', '001110001111111001');
INSERT INTO `seat` VALUES ('3596', '4', '11', '29', '2', '001110000000101101');
INSERT INTO `seat` VALUES ('3597', '4', '11', '30', '4', '001110001111111001');
INSERT INTO `seat` VALUES ('3598', '4', '11', '31', '4', '001110001111111001');
INSERT INTO `seat` VALUES ('3599', '4', '11', '32', '4', '001110011111111001');
INSERT INTO `seat` VALUES ('3600', '4', '11', '33', '3', '001110000100001001');
INSERT INTO `seat` VALUES ('3601', '4', '11', '34', '3', '001110000100001001');
INSERT INTO `seat` VALUES ('3602', '4', '11', '35', '4', '001110011111111001');
INSERT INTO `seat` VALUES ('3603', '4', '11', '36', '2', '001110000000101101');
INSERT INTO `seat` VALUES ('3604', '4', '11', '37', '2', '001110000000101101');
INSERT INTO `seat` VALUES ('3605', '4', '11', '38', '1', '000000000000000000');
INSERT INTO `seat` VALUES ('3606', '4', '11', '39', '1', '000000000000000000');
INSERT INTO `seat` VALUES ('3607', '4', '11', '40', '3', '001110000100001001');
INSERT INTO `seat` VALUES ('3608', '4', '11', '41', '2', '001110000000101101');
INSERT INTO `seat` VALUES ('3609', '4', '11', '42', '2', '001110000000101101');
INSERT INTO `seat` VALUES ('3610', '4', '11', '43', '4', '011110011111111001');
INSERT INTO `seat` VALUES ('3611', '4', '11', '44', '3', '001110000100001001');
INSERT INTO `seat` VALUES ('3612', '4', '11', '45', '2', '001110000000101101');
INSERT INTO `seat` VALUES ('3613', '4', '11', '46', '3', '001110000100001001');
INSERT INTO `seat` VALUES ('3614', '4', '11', '47', '3', '001110000100011001');
INSERT INTO `seat` VALUES ('3615', '4', '11', '48', '2', '001110010000101101');
INSERT INTO `seat` VALUES ('3616', '4', '11', '49', '4', '011110011111111011');
INSERT INTO `seat` VALUES ('3617', '4', '11', '50', '1', '000000000000000000');
INSERT INTO `seat` VALUES ('3618', '4', '12', '20', '1', '000000000000000000');
INSERT INTO `seat` VALUES ('3619', '4', '12', '21', '3', '001110010100011001');
INSERT INTO `seat` VALUES ('3620', '4', '12', '22', '1', '000000000000000000');
INSERT INTO `seat` VALUES ('3621', '4', '12', '23', '4', '011110011111111011');
INSERT INTO `seat` VALUES ('3622', '4', '12', '24', '4', '011110011111111011');
INSERT INTO `seat` VALUES ('3623', '4', '12', '25', '3', '001110010100011001');
INSERT INTO `seat` VALUES ('3624', '4', '12', '26', '1', '000000000000000000');
INSERT INTO `seat` VALUES ('3625', '4', '12', '27', '4', '011110011111111011');
INSERT INTO `seat` VALUES ('3626', '4', '12', '28', '3', '001110010100011001');
INSERT INTO `seat` VALUES ('3627', '4', '12', '29', '3', '001110010100011001');
INSERT INTO `seat` VALUES ('3628', '4', '12', '30', '4', '011110011111111011');
INSERT INTO `seat` VALUES ('3629', '4', '12', '31', '1', '000000000000000000');
INSERT INTO `seat` VALUES ('3630', '4', '12', '32', '1', '000000000000000001');
INSERT INTO `seat` VALUES ('3631', '4', '12', '33', '1', '000000000000001001');
INSERT INTO `seat` VALUES ('3632', '4', '12', '34', '3', '001110010100011001');
INSERT INTO `seat` VALUES ('3633', '4', '12', '35', '4', '011110011111111111');
INSERT INTO `seat` VALUES ('2287', '2', '5', '22', '4', '00000001000000000000');
INSERT INTO `seat` VALUES ('2288', '2', '5', '23', '4', '00000001000000000000');
INSERT INTO `seat` VALUES ('2289', '2', '5', '24', '3', '00000000000000000000');
INSERT INTO `seat` VALUES ('2290', '2', '5', '25', '3', '00000000000000000000');
INSERT INTO `seat` VALUES ('2291', '2', '5', '26', '2', '00000000000111111110');
INSERT INTO `seat` VALUES ('2292', '2', '5', '27', '1', '00000000000000000000');
INSERT INTO `seat` VALUES ('2293', '2', '5', '28', '4', '00000001000000000000');
INSERT INTO `seat` VALUES ('2294', '2', '5', '29', '4', '00000001000000000000');
INSERT INTO `seat` VALUES ('2295', '2', '5', '30', '4', '00000001000000000000');
INSERT INTO `seat` VALUES ('2296', '2', '5', '31', '3', '00000000000000000000');
INSERT INTO `seat` VALUES ('2297', '2', '5', '32', '4', '00000001000000000000');
INSERT INTO `seat` VALUES ('2298', '2', '5', '33', '3', '00000000000000000000');
INSERT INTO `seat` VALUES ('2299', '2', '5', '34', '2', '00000000000111111110');
INSERT INTO `seat` VALUES ('2300', '2', '5', '35', '2', '00000000000111111110');
INSERT INTO `seat` VALUES ('2301', '2', '5', '36', '3', '00000000000000000000');
INSERT INTO `seat` VALUES ('2302', '2', '5', '37', '3', '00000000000000000000');
INSERT INTO `seat` VALUES ('2303', '2', '5', '38', '4', '00000001000000000000');
INSERT INTO `seat` VALUES ('2304', '2', '5', '39', '2', '00000000000111111110');
INSERT INTO `seat` VALUES ('2305', '2', '5', '40', '1', '00000000000000000000');
INSERT INTO `seat` VALUES ('2306', '2', '5', '41', '1', '00000000000000000000');
INSERT INTO `seat` VALUES ('2307', '2', '5', '42', '1', '00000000000000000000');
INSERT INTO `seat` VALUES ('2308', '2', '5', '43', '4', '00000001000000000000');
INSERT INTO `seat` VALUES ('2309', '2', '5', '44', '4', '00000001000000000000');
INSERT INTO `seat` VALUES ('2310', '2', '5', '45', '2', '00000000000111111110');
INSERT INTO `seat` VALUES ('2311', '2', '5', '46', '3', '00000000000000000000');
INSERT INTO `seat` VALUES ('2312', '2', '5', '47', '3', '00000000000000000000');
INSERT INTO `seat` VALUES ('2313', '2', '5', '48', '2', '00000000000000000000');
INSERT INTO `seat` VALUES ('2314', '2', '5', '49', '3', '00000000000000000000');
INSERT INTO `seat` VALUES ('2315', '2', '5', '50', '3', '00000000000000000000');
INSERT INTO `seat` VALUES ('2316', '2', '6', '20', '3', '00000000000000000000');
INSERT INTO `seat` VALUES ('2317', '2', '6', '21', '3', '00000000000000000000');
INSERT INTO `seat` VALUES ('2318', '2', '6', '22', '2', '00000000000000000000');
INSERT INTO `seat` VALUES ('2319', '2', '6', '23', '4', '00000001000000000000');
INSERT INTO `seat` VALUES ('2320', '2', '6', '24', '2', '00000000000000000000');
INSERT INTO `seat` VALUES ('2321', '2', '6', '25', '1', '00000000000000000000');
INSERT INTO `seat` VALUES ('2322', '2', '6', '26', '1', '00000000000000000000');
INSERT INTO `seat` VALUES ('2323', '2', '6', '27', '4', '00000001000000000000');
INSERT INTO `seat` VALUES ('2324', '2', '6', '28', '4', '00000001000000000000');
INSERT INTO `seat` VALUES ('2325', '2', '6', '29', '1', '00000000000000000000');
INSERT INTO `seat` VALUES ('2326', '2', '6', '30', '2', '00000000000000000000');
INSERT INTO `seat` VALUES ('2327', '2', '6', '31', '1', '00000000000000000000');
INSERT INTO `seat` VALUES ('2328', '2', '6', '32', '4', '00000001000000000000');
INSERT INTO `seat` VALUES ('2329', '2', '6', '33', '3', '00000000000000000000');
INSERT INTO `seat` VALUES ('2330', '2', '6', '34', '3', '00000000000000000000');
INSERT INTO `seat` VALUES ('2331', '2', '6', '35', '4', '00000001000000000000');
INSERT INTO `seat` VALUES ('2332', '2', '6', '36', '3', '00000000000000000000');
INSERT INTO `seat` VALUES ('2333', '2', '6', '37', '4', '00000001000000000000');
INSERT INTO `seat` VALUES ('2334', '2', '6', '38', '2', '00000000000000000000');
INSERT INTO `seat` VALUES ('2335', '2', '6', '39', '3', '00000001000000000000');
INSERT INTO `seat` VALUES ('2336', '2', '6', '40', '4', '00000001000000000000');
INSERT INTO `seat` VALUES ('2337', '2', '6', '41', '2', '00000000000000000000');
INSERT INTO `seat` VALUES ('2338', '2', '6', '42', '4', '00000001000000000000');
INSERT INTO `seat` VALUES ('2339', '2', '6', '43', '4', '00000001000000000000');
INSERT INTO `seat` VALUES ('2340', '2', '6', '44', '4', '00000001000000000000');
INSERT INTO `seat` VALUES ('2341', '2', '6', '45', '1', '00000000000000000000');
INSERT INTO `seat` VALUES ('2342', '2', '6', '46', '2', '00000000000000000000');
INSERT INTO `seat` VALUES ('2343', '2', '6', '47', '3', '00000001000000000000');
INSERT INTO `seat` VALUES ('2344', '2', '6', '48', '1', '00000000000000000000');
INSERT INTO `seat` VALUES ('2345', '2', '6', '49', '3', '00000001000000000000');
INSERT INTO `seat` VALUES ('2346', '2', '6', '50', '1', '00000000000000000000');
INSERT INTO `seat` VALUES ('2347', '2', '7', '20', '4', '00000001000000000000');
INSERT INTO `seat` VALUES ('2348', '2', '7', '21', '2', '00000000000000000000');
INSERT INTO `seat` VALUES ('2349', '2', '7', '22', '1', '00000000000000000000');
INSERT INTO `seat` VALUES ('2350', '2', '7', '23', '1', '00000000000000000000');
INSERT INTO `seat` VALUES ('2351', '2', '7', '24', '3', '00000001000000000000');
INSERT INTO `seat` VALUES ('2352', '2', '7', '25', '1', '00000000000000000000');
INSERT INTO `seat` VALUES ('2353', '2', '7', '26', '3', '00000001000000000000');
INSERT INTO `seat` VALUES ('2354', '2', '7', '27', '2', '00000000000000000000');
INSERT INTO `seat` VALUES ('2355', '2', '7', '28', '3', '00000001000000000000');
INSERT INTO `seat` VALUES ('2356', '2', '7', '29', '4', '00000001000000000000');
INSERT INTO `seat` VALUES ('2357', '2', '7', '30', '3', '00000001000000000000');
INSERT INTO `seat` VALUES ('2358', '2', '7', '31', '1', '00000000000000000000');
INSERT INTO `seat` VALUES ('2359', '2', '7', '32', '4', '00000001000000000000');
INSERT INTO `seat` VALUES ('2360', '2', '7', '33', '3', '00000001000000000000');
INSERT INTO `seat` VALUES ('2361', '2', '7', '34', '1', '00000000000000000000');
INSERT INTO `seat` VALUES ('2362', '2', '7', '35', '2', '00000000000000000000');
INSERT INTO `seat` VALUES ('2363', '2', '7', '36', '2', '00000000000000000000');
INSERT INTO `seat` VALUES ('2364', '2', '7', '37', '1', '00000000000000000000');
INSERT INTO `seat` VALUES ('2365', '2', '7', '38', '4', '00000001000000000000');
INSERT INTO `seat` VALUES ('2366', '2', '7', '39', '4', '00000001000100000000');
INSERT INTO `seat` VALUES ('2367', '2', '7', '40', '4', '00000001000100000000');
INSERT INTO `seat` VALUES ('2368', '2', '7', '41', '3', '00000001000000000000');
INSERT INTO `seat` VALUES ('2369', '2', '7', '42', '4', '00000001000100000000');
INSERT INTO `seat` VALUES ('2370', '2', '7', '43', '2', '00000000000000000000');
INSERT INTO `seat` VALUES ('2371', '2', '7', '44', '3', '00000001000000000000');
INSERT INTO `seat` VALUES ('2372', '2', '7', '45', '4', '00000001000100000000');
INSERT INTO `seat` VALUES ('2373', '2', '7', '46', '1', '00000000000000000000');
INSERT INTO `seat` VALUES ('2374', '2', '7', '47', '1', '00000000000000000000');
INSERT INTO `seat` VALUES ('2375', '2', '7', '48', '1', '00000000000000000000');
INSERT INTO `seat` VALUES ('2376', '2', '7', '49', '1', '00000000000000000000');
INSERT INTO `seat` VALUES ('2377', '2', '7', '50', '4', '00000001000100000000');
INSERT INTO `seat` VALUES ('2378', '2', '8', '20', '1', '00000000000000000000');
INSERT INTO `seat` VALUES ('2379', '2', '8', '21', '1', '00000000000000000000');
INSERT INTO `seat` VALUES ('2380', '2', '8', '22', '4', '00000001000100000000');
INSERT INTO `seat` VALUES ('2381', '2', '8', '23', '2', '00000000000000000000');
INSERT INTO `seat` VALUES ('2382', '2', '8', '24', '2', '00000000000000000000');
INSERT INTO `seat` VALUES ('2383', '2', '8', '25', '2', '00000000000000000000');
INSERT INTO `seat` VALUES ('2384', '2', '8', '26', '4', '00000001000100000000');
INSERT INTO `seat` VALUES ('2385', '2', '8', '27', '2', '00000000000000000000');
INSERT INTO `seat` VALUES ('2386', '2', '8', '28', '2', '00000000000000000000');
INSERT INTO `seat` VALUES ('2387', '2', '8', '29', '2', '00000000000000000000');
INSERT INTO `seat` VALUES ('2388', '2', '8', '30', '2', '00000000000000000000');
INSERT INTO `seat` VALUES ('2389', '2', '8', '31', '2', '00000000000000000000');
INSERT INTO `seat` VALUES ('2390', '2', '8', '32', '4', '00000001000100000000');
INSERT INTO `seat` VALUES ('2391', '2', '8', '33', '2', '00000000000000000000');
INSERT INTO `seat` VALUES ('2392', '2', '8', '34', '4', '00000001000100000000');
INSERT INTO `seat` VALUES ('2393', '2', '8', '35', '2', '00000000000000000000');
INSERT INTO `seat` VALUES ('2394', '2', '8', '36', '1', '00000000000000000000');
INSERT INTO `seat` VALUES ('2395', '2', '8', '37', '3', '00000001000000000000');
INSERT INTO `seat` VALUES ('2396', '2', '8', '38', '2', '00000000000000000000');
INSERT INTO `seat` VALUES ('2397', '2', '8', '39', '3', '00000001000000000000');
INSERT INTO `seat` VALUES ('2398', '2', '8', '40', '3', '00000001000000000000');
INSERT INTO `seat` VALUES ('2399', '2', '8', '41', '3', '00000001000000000000');
INSERT INTO `seat` VALUES ('2400', '2', '8', '42', '1', '00000000000000000000');
INSERT INTO `seat` VALUES ('2401', '2', '8', '43', '1', '00000000000000000000');
INSERT INTO `seat` VALUES ('2402', '2', '8', '44', '2', '00000000000000000000');
INSERT INTO `seat` VALUES ('2403', '2', '8', '45', '4', '00000001000100000000');
INSERT INTO `seat` VALUES ('2404', '2', '8', '46', '1', '00000000000000000000');
INSERT INTO `seat` VALUES ('2405', '2', '8', '47', '1', '00000000000000000000');
INSERT INTO `seat` VALUES ('2406', '2', '8', '48', '4', '00000001000100000000');
INSERT INTO `seat` VALUES ('2407', '2', '8', '49', '1', '00000000000000000000');
INSERT INTO `seat` VALUES ('2408', '2', '8', '50', '1', '00000000000000000000');
INSERT INTO `seat` VALUES ('2409', '2', '9', '20', '1', '00000000000000000000');
INSERT INTO `seat` VALUES ('2410', '2', '9', '21', '1', '00000000000000000000');
INSERT INTO `seat` VALUES ('2411', '2', '9', '22', '4', '00000001000100000000');
INSERT INTO `seat` VALUES ('2412', '2', '9', '23', '1', '00000000000000000000');
INSERT INTO `seat` VALUES ('2413', '2', '9', '24', '1', '00000000000000000000');
INSERT INTO `seat` VALUES ('2414', '2', '9', '25', '1', '00000000000000000000');
INSERT INTO `seat` VALUES ('2415', '2', '9', '26', '2', '00000000000000000000');
INSERT INTO `seat` VALUES ('2416', '2', '9', '27', '2', '00000000000000000000');
INSERT INTO `seat` VALUES ('2417', '2', '9', '28', '4', '00000001000100000000');
INSERT INTO `seat` VALUES ('2418', '2', '9', '29', '2', '00000000000000000000');
INSERT INTO `seat` VALUES ('2419', '2', '9', '30', '1', '00000000000000000000');
INSERT INTO `seat` VALUES ('2420', '2', '9', '31', '4', '00000001000101000000');
INSERT INTO `seat` VALUES ('2421', '2', '9', '32', '1', '00000000000000000000');
INSERT INTO `seat` VALUES ('2422', '2', '9', '33', '4', '00000001100101000000');
INSERT INTO `seat` VALUES ('2423', '2', '9', '34', '1', '00000000000000000000');
INSERT INTO `seat` VALUES ('2424', '2', '9', '35', '2', '00000000000000000000');
INSERT INTO `seat` VALUES ('2425', '2', '9', '36', '4', '00000001110101000000');
INSERT INTO `seat` VALUES ('2426', '2', '9', '37', '3', '00000001000000000000');
INSERT INTO `seat` VALUES ('2427', '2', '9', '38', '1', '00000000000000000000');
INSERT INTO `seat` VALUES ('2428', '2', '9', '39', '2', '00000000000000000000');
INSERT INTO `seat` VALUES ('2429', '2', '9', '40', '3', '00000001000000000000');
INSERT INTO `seat` VALUES ('2430', '2', '9', '41', '3', '00000001000000000000');
INSERT INTO `seat` VALUES ('2431', '2', '9', '42', '2', '00000000000000000000');
INSERT INTO `seat` VALUES ('2432', '2', '9', '43', '2', '00000000000000000000');
INSERT INTO `seat` VALUES ('2433', '2', '9', '44', '3', '00000001000000000000');
INSERT INTO `seat` VALUES ('2434', '2', '9', '45', '4', '00000001110101000000');
INSERT INTO `seat` VALUES ('2435', '2', '9', '46', '2', '00000000000000000000');
INSERT INTO `seat` VALUES ('2436', '2', '9', '47', '1', '00000000000000000000');
INSERT INTO `seat` VALUES ('2437', '2', '9', '48', '4', '00000001110101001000');
INSERT INTO `seat` VALUES ('2438', '2', '9', '49', '2', '00000000000000000000');
INSERT INTO `seat` VALUES ('2439', '2', '9', '50', '3', '00000001000000000000');
INSERT INTO `seat` VALUES ('2440', '2', '10', '20', '1', '00000000000000000000');
INSERT INTO `seat` VALUES ('2441', '2', '10', '21', '4', '00000001110101001000');
INSERT INTO `seat` VALUES ('2442', '2', '10', '22', '1', '00000000000000000000');
INSERT INTO `seat` VALUES ('2443', '2', '10', '23', '1', '00000000000000000000');
INSERT INTO `seat` VALUES ('2444', '2', '10', '24', '2', '00000000000000000000');
INSERT INTO `seat` VALUES ('2445', '2', '10', '25', '3', '00000001000000000000');
INSERT INTO `seat` VALUES ('2446', '2', '10', '26', '4', '00000001110101001000');
INSERT INTO `seat` VALUES ('2447', '2', '10', '27', '3', '00000001000100000000');
INSERT INTO `seat` VALUES ('2448', '2', '10', '28', '2', '00000000000000000000');
INSERT INTO `seat` VALUES ('2449', '2', '10', '29', '4', '00010001110101001010');
INSERT INTO `seat` VALUES ('2450', '2', '10', '30', '4', '00010011110101001010');
INSERT INTO `seat` VALUES ('2451', '2', '10', '31', '3', '00000001000100000000');
INSERT INTO `seat` VALUES ('2452', '2', '10', '32', '3', '00000001000100000000');
INSERT INTO `seat` VALUES ('2453', '2', '10', '33', '3', '00000001000100000000');
INSERT INTO `seat` VALUES ('2454', '2', '10', '34', '4', '00011111110101001010');
INSERT INTO `seat` VALUES ('2455', '2', '10', '35', '1', '00000000000000000000');
INSERT INTO `seat` VALUES ('2456', '2', '10', '36', '3', '00000001000100000000');
INSERT INTO `seat` VALUES ('2457', '2', '10', '37', '4', '00011111110101001010');
INSERT INTO `seat` VALUES ('2458', '2', '10', '38', '3', '00000001100100000000');
INSERT INTO `seat` VALUES ('2459', '2', '10', '39', '1', '00000000000000000000');
INSERT INTO `seat` VALUES ('2460', '2', '10', '40', '3', '00000001100101000000');
INSERT INTO `seat` VALUES ('2461', '2', '10', '41', '1', '00000000000000000000');
INSERT INTO `seat` VALUES ('2462', '2', '10', '42', '3', '00011001100101000000');
INSERT INTO `seat` VALUES ('2463', '2', '10', '43', '3', '00011001100101000000');
INSERT INTO `seat` VALUES ('2464', '2', '10', '44', '3', '00011001101101000000');
INSERT INTO `seat` VALUES ('2465', '2', '10', '45', '1', '00000000000000000000');
INSERT INTO `seat` VALUES ('2466', '2', '10', '46', '4', '00011111110101001011');
INSERT INTO `seat` VALUES ('2467', '2', '10', '47', '1', '00000000000000000000');
INSERT INTO `seat` VALUES ('2468', '2', '10', '48', '3', '00011001101101000010');
INSERT INTO `seat` VALUES ('2469', '2', '10', '49', '4', '00011111110101001011');
INSERT INTO `seat` VALUES ('2470', '2', '10', '50', '1', '00000000000000000000');
INSERT INTO `seat` VALUES ('2471', '2', '11', '20', '4', '00011111110101001011');
INSERT INTO `seat` VALUES ('2472', '2', '11', '21', '1', '00000000000000000000');
INSERT INTO `seat` VALUES ('2473', '2', '11', '22', '4', '00011111110101001011');
INSERT INTO `seat` VALUES ('2474', '2', '11', '23', '1', '00000000000000000000');
INSERT INTO `seat` VALUES ('2475', '2', '11', '24', '1', '00000000000000000000');
INSERT INTO `seat` VALUES ('2476', '2', '11', '25', '4', '00011111110101001011');
INSERT INTO `seat` VALUES ('2477', '2', '11', '26', '1', '00000000000000000000');
INSERT INTO `seat` VALUES ('2478', '2', '11', '27', '4', '00011111110101001011');
INSERT INTO `seat` VALUES ('2479', '2', '11', '28', '3', '00011001101101000010');
INSERT INTO `seat` VALUES ('2480', '2', '11', '29', '4', '00011111111101001011');
INSERT INTO `seat` VALUES ('2481', '2', '11', '30', '3', '00011001111101000010');
INSERT INTO `seat` VALUES ('2482', '2', '11', '31', '1', '00000000000000000000');
INSERT INTO `seat` VALUES ('2483', '2', '11', '32', '2', '00000000000000000000');
INSERT INTO `seat` VALUES ('2484', '2', '11', '33', '2', '00000000000100000000');
INSERT INTO `seat` VALUES ('2485', '2', '11', '34', '2', '00000001000100000010');
INSERT INTO `seat` VALUES ('2486', '2', '11', '35', '1', '00000000000000000000');
INSERT INTO `seat` VALUES ('2487', '2', '11', '36', '4', '00011111111101001011');
INSERT INTO `seat` VALUES ('2488', '2', '11', '37', '2', '00000001000100000010');
INSERT INTO `seat` VALUES ('2489', '2', '11', '38', '1', '00000100000000000010');
INSERT INTO `seat` VALUES ('2490', '2', '11', '39', '2', '00000001001100000010');
INSERT INTO `seat` VALUES ('2491', '2', '11', '40', '4', '00011111111101001011');
INSERT INTO `seat` VALUES ('2492', '2', '11', '41', '4', '00011111111111001011');
INSERT INTO `seat` VALUES ('2493', '2', '11', '42', '3', '00011001111101000010');
INSERT INTO `seat` VALUES ('2494', '2', '11', '43', '4', '00011111111111001111');
INSERT INTO `seat` VALUES ('2495', '2', '11', '44', '1', '00000100000000001010');
INSERT INTO `seat` VALUES ('2496', '2', '11', '45', '4', '00011111111111001111');
INSERT INTO `seat` VALUES ('2497', '2', '11', '46', '3', '00011001111101000010');
INSERT INTO `seat` VALUES ('2498', '2', '11', '47', '4', '00111111111111001111');
INSERT INTO `seat` VALUES ('2499', '2', '11', '48', '1', '00000100000000001010');
INSERT INTO `seat` VALUES ('2500', '2', '11', '49', '2', '00000001001100000010');
INSERT INTO `seat` VALUES ('2501', '2', '11', '50', '1', '00000100000000001010');
INSERT INTO `seat` VALUES ('2502', '2', '12', '20', '4', '00111111111111001111');
INSERT INTO `seat` VALUES ('2503', '2', '12', '21', '4', '00111111111111001111');
INSERT INTO `seat` VALUES ('2504', '2', '12', '22', '2', '00000001001100000010');
INSERT INTO `seat` VALUES ('2505', '2', '12', '23', '2', '00000001001100000010');
INSERT INTO `seat` VALUES ('2506', '2', '12', '24', '1', '00000100000100001010');
INSERT INTO `seat` VALUES ('2507', '2', '12', '25', '3', '00011001111101000010');
INSERT INTO `seat` VALUES ('2508', '2', '12', '26', '2', '00000001001100000010');
INSERT INTO `seat` VALUES ('2509', '2', '12', '27', '2', '00000001001100000010');
INSERT INTO `seat` VALUES ('2510', '2', '12', '28', '4', '00111111111111001111');
INSERT INTO `seat` VALUES ('2511', '2', '12', '29', '3', '00011001111101000010');
INSERT INTO `seat` VALUES ('2512', '2', '12', '30', '2', '00000001001101000010');
INSERT INTO `seat` VALUES ('2513', '2', '12', '31', '3', '00011001111101000010');
INSERT INTO `seat` VALUES ('2514', '2', '12', '32', '4', '00111111111111001111');
INSERT INTO `seat` VALUES ('2515', '2', '12', '33', '3', '00011001111101000010');
INSERT INTO `seat` VALUES ('2516', '2', '12', '34', '3', '00011001111101000010');
INSERT INTO `seat` VALUES ('2517', '2', '12', '35', '1', '00000100000100001010');
INSERT INTO `seat` VALUES ('2518', '2', '12', '36', '1', '00000100000100001010');
INSERT INTO `seat` VALUES ('2519', '2', '12', '37', '4', '00111111111111001111');
INSERT INTO `seat` VALUES ('2520', '2', '12', '38', '4', '00111111111111001111');
INSERT INTO `seat` VALUES ('2521', '2', '12', '39', '2', '00000001001101000010');
INSERT INTO `seat` VALUES ('2522', '2', '12', '40', '4', '00111111111111001111');
INSERT INTO `seat` VALUES ('2523', '2', '12', '41', '3', '00011001111111000010');
INSERT INTO `seat` VALUES ('2524', '2', '12', '42', '1', '00000100000100001010');
INSERT INTO `seat` VALUES ('2525', '2', '12', '43', '4', '00111111111111001111');
INSERT INTO `seat` VALUES ('2526', '2', '12', '44', '2', '00000001001101000010');
INSERT INTO `seat` VALUES ('2527', '2', '12', '45', '3', '00011001111111001010');
INSERT INTO `seat` VALUES ('2528', '2', '12', '46', '2', '00000001001101000010');
INSERT INTO `seat` VALUES ('2529', '2', '12', '47', '1', '00000100000100001010');
INSERT INTO `seat` VALUES ('2530', '2', '12', '48', '4', '00111111111111001111');
INSERT INTO `seat` VALUES ('2531', '2', '12', '49', '2', '00010001001101000010');
INSERT INTO `seat` VALUES ('2532', '2', '12', '50', '1', '00000101000100001011');
INSERT INTO `seat` VALUES ('2533', '2', '13', '20', '2', '00010001001101000010');
INSERT INTO `seat` VALUES ('2534', '2', '13', '21', '1', '01000101000100001011');
INSERT INTO `seat` VALUES ('2535', '2', '13', '22', '2', '00010101001101000010');
INSERT INTO `seat` VALUES ('2536', '2', '13', '23', '2', '00010101001101000010');
INSERT INTO `seat` VALUES ('2537', '2', '13', '24', '4', '10111111111111001111');
INSERT INTO `seat` VALUES ('2538', '2', '13', '25', '2', '00010101001101001010');
INSERT INTO `seat` VALUES ('2539', '2', '13', '26', '2', '00010101001101001010');
INSERT INTO `seat` VALUES ('2540', '2', '13', '27', '2', '00010101001101001010');
INSERT INTO `seat` VALUES ('2541', '2', '13', '28', '2', '00010101001101001010');
INSERT INTO `seat` VALUES ('2542', '2', '13', '29', '1', '01000101000100001011');
INSERT INTO `seat` VALUES ('2543', '2', '13', '30', '2', '01010101001101001011');
INSERT INTO `seat` VALUES ('2544', '2', '13', '31', '4', '10111111111111001111');
INSERT INTO `seat` VALUES ('2545', '2', '13', '32', '2', '01110101001101001011');
INSERT INTO `seat` VALUES ('2546', '2', '13', '33', '4', '11111111111111001111');
INSERT INTO `seat` VALUES ('2547', '2', '13', '34', '4', '11111111111111001111');
INSERT INTO `seat` VALUES ('2548', '2', '13', '35', '3', '00011101111111001010');
INSERT INTO `seat` VALUES ('2549', '2', '13', '36', '3', '00011111111111001010');
INSERT INTO `seat` VALUES ('2550', '2', '13', '37', '2', '01110101001101001011');
INSERT INTO `seat` VALUES ('2551', '2', '13', '38', '2', '01111101001101001011');
INSERT INTO `seat` VALUES ('2552', '2', '13', '39', '3', '00011111111111001011');
INSERT INTO `seat` VALUES ('2553', '2', '13', '40', '4', '11111111111111011111');
INSERT INTO `seat` VALUES ('2554', '2', '13', '41', '4', '11111111111111011111');
INSERT INTO `seat` VALUES ('2555', '2', '13', '42', '1', '01000101001100001111');
INSERT INTO `seat` VALUES ('2556', '2', '13', '43', '4', '11111111111111011111');
INSERT INTO `seat` VALUES ('2557', '2', '13', '44', '4', '11111111111111011111');
INSERT INTO `seat` VALUES ('2558', '2', '13', '45', '1', '01000101001100001111');
INSERT INTO `seat` VALUES ('2559', '2', '13', '46', '2', '01111101001101001011');
INSERT INTO `seat` VALUES ('2560', '2', '13', '47', '3', '01011111111111001011');
INSERT INTO `seat` VALUES ('2561', '2', '13', '48', '3', '01011111111111001011');
INSERT INTO `seat` VALUES ('2562', '2', '13', '49', '3', '01011111111111001011');
INSERT INTO `seat` VALUES ('2563', '2', '13', '50', '1', '01000101001100001111');
INSERT INTO `seat` VALUES ('2564', '2', '14', '20', '2', '01111101101101001011');
INSERT INTO `seat` VALUES ('2565', '2', '14', '21', '1', '01000101001100001111');
INSERT INTO `seat` VALUES ('2566', '2', '14', '22', '4', '11111111111111011111');
INSERT INTO `seat` VALUES ('2567', '2', '14', '23', '3', '01011111111111001011');
INSERT INTO `seat` VALUES ('2568', '2', '14', '24', '4', '11111111111111011111');
INSERT INTO `seat` VALUES ('2569', '2', '14', '25', '2', '01111101101101001111');
INSERT INTO `seat` VALUES ('2570', '2', '14', '26', '4', '11111111111111011111');
INSERT INTO `seat` VALUES ('2571', '2', '14', '27', '4', '11111111111111011111');
INSERT INTO `seat` VALUES ('2572', '2', '14', '28', '2', '01111101101101001111');
INSERT INTO `seat` VALUES ('2573', '2', '14', '29', '1', '01010101001101001111');
INSERT INTO `seat` VALUES ('2574', '2', '14', '30', '1', '01010101001101001111');
INSERT INTO `seat` VALUES ('2575', '2', '14', '31', '4', '11111111111111111111');
INSERT INTO `seat` VALUES ('2576', '2', '14', '32', '2', '01111101101101001111');
INSERT INTO `seat` VALUES ('2577', '2', '14', '33', '3', '01011111111111001111');
INSERT INTO `seat` VALUES ('2578', '2', '14', '34', '3', '01111111111111001111');
INSERT INTO `seat` VALUES ('2579', '2', '14', '35', '4', '11111111111111111111');
INSERT INTO `seat` VALUES ('2580', '2', '14', '36', '4', '11111111111111111111');
INSERT INTO `seat` VALUES ('2581', '2', '14', '37', '3', '01111111111111001111');
INSERT INTO `seat` VALUES ('2582', '2', '14', '38', '2', '01111101111101001111');
INSERT INTO `seat` VALUES ('2583', '2', '14', '39', '4', '11111111111111111111');
INSERT INTO `seat` VALUES ('2584', '2', '14', '40', '2', '01111101111101001111');
INSERT INTO `seat` VALUES ('2585', '2', '14', '41', '3', '01111111111111001111');
INSERT INTO `seat` VALUES ('2586', '2', '14', '42', '4', '11111111111111111111');
INSERT INTO `seat` VALUES ('2587', '2', '14', '43', '2', '01111101111101001111');
INSERT INTO `seat` VALUES ('2588', '2', '14', '44', '4', '11111111111111111111');
INSERT INTO `seat` VALUES ('2589', '2', '14', '45', '4', '11111111111111111111');
INSERT INTO `seat` VALUES ('2590', '2', '14', '46', '2', '01111101111101001111');
INSERT INTO `seat` VALUES ('2591', '2', '14', '47', '1', '01010101101101001111');
INSERT INTO `seat` VALUES ('2592', '2', '14', '48', '2', '01111101111101011111');
INSERT INTO `seat` VALUES ('2593', '2', '14', '49', '1', '01010101101101001111');
INSERT INTO `seat` VALUES ('2594', '2', '14', '50', '4', '11111111111111111111');
INSERT INTO `seat` VALUES ('2595', '2', '15', '20', '2', '01111101111111011111');
INSERT INTO `seat` VALUES ('2596', '2', '15', '21', '1', '01010101101111011111');
INSERT INTO `seat` VALUES ('2597', '2', '15', '22', '2', '01111101111111011111');
INSERT INTO `seat` VALUES ('2598', '2', '15', '23', '2', '01111101111111011111');
INSERT INTO `seat` VALUES ('2599', '2', '15', '24', '1', '11011101101111011111');
INSERT INTO `seat` VALUES ('2600', '2', '15', '25', '3', '01111111111111001111');
INSERT INTO `seat` VALUES ('2601', '2', '15', '26', '4', '11111111111111111111');
INSERT INTO `seat` VALUES ('2602', '2', '15', '27', '4', '11111111111111111111');
INSERT INTO `seat` VALUES ('2603', '2', '15', '28', '4', '11111111111111111111');
INSERT INTO `seat` VALUES ('2604', '2', '15', '29', '2', '01111101111111011111');
INSERT INTO `seat` VALUES ('2605', '2', '15', '30', '1', '11011101101111011111');
INSERT INTO `seat` VALUES ('2606', '2', '15', '31', '2', '01111101111111011111');
INSERT INTO `seat` VALUES ('2607', '2', '15', '32', '1', '11011101101111011111');
INSERT INTO `seat` VALUES ('2608', '2', '15', '33', '4', '11111111111111111111');
INSERT INTO `seat` VALUES ('2609', '2', '15', '34', '1', '11111101101111111111');
INSERT INTO `seat` VALUES ('2610', '2', '15', '35', '3', '01111111111111001111');
INSERT INTO `seat` VALUES ('2611', '2', '15', '36', '2', '01111111111111011111');
INSERT INTO `seat` VALUES ('2612', '2', '15', '37', '1', '11111101101111111111');
INSERT INTO `seat` VALUES ('2613', '2', '15', '38', '1', '11111101101111111111');
INSERT INTO `seat` VALUES ('2614', '2', '15', '39', '4', '11111111111111111111');
INSERT INTO `seat` VALUES ('2615', '2', '15', '40', '1', '11111101111111111111');
INSERT INTO `seat` VALUES ('2616', '2', '15', '41', '4', '11111111111111111111');
INSERT INTO `seat` VALUES ('2617', '2', '15', '42', '1', '11111101111111111111');
INSERT INTO `seat` VALUES ('2618', '2', '15', '43', '1', '11111111111111111111');
INSERT INTO `seat` VALUES ('2619', '2', '15', '44', '1', '11111111111111111111');
INSERT INTO `seat` VALUES ('2620', '2', '15', '45', '4', '11111111111111111111');
INSERT INTO `seat` VALUES ('2621', '2', '15', '46', '3', '01111111111111001111');
INSERT INTO `seat` VALUES ('2622', '2', '15', '47', '1', '11111111111111111111');
INSERT INTO `seat` VALUES ('2623', '2', '15', '48', '4', '11111111111111111111');
INSERT INTO `seat` VALUES ('2624', '2', '15', '49', '4', '11111111111111111111');
INSERT INTO `seat` VALUES ('2625', '2', '15', '50', '3', '01111111111111001111');
INSERT INTO `seat` VALUES ('2626', '2', '16', '20', '1', '11111111111111111111');
INSERT INTO `seat` VALUES ('2627', '2', '16', '21', '1', '11111111111111111111');
INSERT INTO `seat` VALUES ('2628', '2', '16', '22', '3', '01111111111111011111');
INSERT INTO `seat` VALUES ('2629', '2', '16', '23', '3', '01111111111111011111');
INSERT INTO `seat` VALUES ('2630', '2', '16', '24', '3', '01111111111111111111');
INSERT INTO `seat` VALUES ('2631', '2', '16', '25', '3', '01111111111111111111');
INSERT INTO `seat` VALUES ('2632', '2', '16', '26', '2', '01111111111111111111');
INSERT INTO `seat` VALUES ('2633', '2', '16', '27', '1', '11111111111111111111');
INSERT INTO `seat` VALUES ('2634', '2', '16', '28', '1', '11111111111111111111');
INSERT INTO `seat` VALUES ('2635', '2', '16', '29', '4', '11111111111111111111');
INSERT INTO `seat` VALUES ('2636', '2', '16', '30', '3', '11111111111111111111');
INSERT INTO `seat` VALUES ('2637', '2', '16', '31', '2', '11111111111111111111');
INSERT INTO `seat` VALUES ('2638', '2', '16', '32', '3', '11111111111111111111');
INSERT INTO `seat` VALUES ('2639', '2', '16', '33', '2', '11111111111111111111');
INSERT INTO `seat` VALUES ('2640', '2', '16', '34', '4', '11111111111111111111');
INSERT INTO `seat` VALUES ('2641', '2', '16', '35', '1', '11111111111111111111');
INSERT INTO `seat` VALUES ('2642', '2', '16', '36', '3', '11111111111111111111');
INSERT INTO `seat` VALUES ('2643', '2', '16', '37', '4', '11111111111111111111');
INSERT INTO `seat` VALUES ('2644', '2', '16', '38', '1', '11111111111111111111');
INSERT INTO `seat` VALUES ('2645', '2', '16', '39', '4', '11111111111111111111');
INSERT INTO `seat` VALUES ('2646', '2', '16', '40', '4', '11111111111111111111');
INSERT INTO `seat` VALUES ('2647', '2', '16', '41', '4', '11111111111111111111');
INSERT INTO `seat` VALUES ('2648', '2', '16', '42', '4', '11111111111111111111');
INSERT INTO `seat` VALUES ('2649', '2', '16', '43', '2', '11111111111111111111');
INSERT INTO `seat` VALUES ('2650', '2', '16', '44', '4', '11111111111111111111');
INSERT INTO `seat` VALUES ('2651', '2', '16', '45', '1', '11111111111111111111');
INSERT INTO `seat` VALUES ('2652', '2', '16', '46', '4', '11111111111111111111');
INSERT INTO `seat` VALUES ('2653', '2', '16', '47', '4', '11111111111111111111');
INSERT INTO `seat` VALUES ('2654', '2', '16', '48', '1', '11111111111111111111');
INSERT INTO `seat` VALUES ('2655', '2', '16', '49', '1', '11111111111111111111');
INSERT INTO `seat` VALUES ('2656', '2', '16', '50', '2', '11111111111111111111');
INSERT INTO `seat` VALUES ('2657', '2', '17', '20', '4', '11111111111111111111');
INSERT INTO `seat` VALUES ('2658', '2', '17', '21', '1', '11111111111111111111');
INSERT INTO `seat` VALUES ('2659', '2', '17', '22', '1', '11111111111111111111');
INSERT INTO `seat` VALUES ('2660', '2', '17', '23', '4', '11111111111111111111');
INSERT INTO `seat` VALUES ('2661', '2', '17', '24', '1', '11111111111111111111');
INSERT INTO `seat` VALUES ('2662', '2', '17', '25', '3', '11111111111111111111');
INSERT INTO `seat` VALUES ('2663', '2', '17', '26', '1', '11111111111111111111');
INSERT INTO `seat` VALUES ('2664', '2', '17', '27', '4', '11111111111111111111');
INSERT INTO `seat` VALUES ('2665', '2', '17', '28', '2', '11111111111111111111');
INSERT INTO `seat` VALUES ('2666', '2', '17', '29', '2', '11111111111111111111');
INSERT INTO `seat` VALUES ('2667', '2', '17', '30', '4', '11111111111111111111');
INSERT INTO `seat` VALUES ('2668', '2', '17', '31', '4', '11111111111111111111');
INSERT INTO `seat` VALUES ('2669', '2', '17', '32', '1', '11111111111111111111');
INSERT INTO `seat` VALUES ('2670', '2', '17', '33', '1', '11111111111111111111');
INSERT INTO `seat` VALUES ('2671', '2', '17', '34', '3', '11111111111111111111');
INSERT INTO `seat` VALUES ('2672', '2', '17', '35', '1', '11111111111111111111');
INSERT INTO `seat` VALUES ('2673', '2', '17', '36', '2', '11111111111111111111');
INSERT INTO `seat` VALUES ('2674', '2', '17', '37', '3', '11111111111111111111');
INSERT INTO `seat` VALUES ('2675', '2', '17', '38', '3', '11111111111111111111');
INSERT INTO `seat` VALUES ('2676', '2', '17', '39', '4', '11111111111111111111');
INSERT INTO `seat` VALUES ('2677', '2', '17', '40', '3', '11111111111111111111');
INSERT INTO `seat` VALUES ('2678', '2', '17', '41', '2', '11111111111111111111');
INSERT INTO `seat` VALUES ('2679', '2', '17', '42', '3', '11111111111111111111');
INSERT INTO `seat` VALUES ('2680', '2', '17', '43', '3', '11111111111111111111');
INSERT INTO `seat` VALUES ('2681', '2', '17', '44', '2', '11111111111111111111');
INSERT INTO `seat` VALUES ('2682', '2', '17', '45', '4', '11111111111111111111');
INSERT INTO `seat` VALUES ('2683', '2', '17', '46', '3', '11111111111111111111');
INSERT INTO `seat` VALUES ('2684', '2', '17', '47', '4', '11111111111111111111');
INSERT INTO `seat` VALUES ('2685', '2', '17', '48', '3', '11111111111111111111');
INSERT INTO `seat` VALUES ('2686', '2', '17', '49', '3', '11111111111111111111');
INSERT INTO `seat` VALUES ('2687', '2', '17', '50', '4', '11111111111111111111');
INSERT INTO `seat` VALUES ('2688', '2', '18', '20', '1', '11111111111111111111');
INSERT INTO `seat` VALUES ('2689', '2', '18', '21', '3', '11111111111111111111');
INSERT INTO `seat` VALUES ('2690', '2', '18', '22', '4', '11111111111111111111');
INSERT INTO `seat` VALUES ('2691', '2', '18', '23', '3', '11111111111111111111');
INSERT INTO `seat` VALUES ('2692', '2', '18', '24', '4', '11111111111111111111');
INSERT INTO `seat` VALUES ('2693', '2', '18', '25', '2', '11111111111111111111');
INSERT INTO `seat` VALUES ('2694', '2', '18', '26', '4', '11111111111111111111');
INSERT INTO `seat` VALUES ('2695', '2', '18', '27', '3', '11111111111111111111');
INSERT INTO `seat` VALUES ('2696', '2', '18', '28', '1', '11111111111111111111');
INSERT INTO `seat` VALUES ('2697', '2', '18', '29', '2', '11111111111111111111');
INSERT INTO `seat` VALUES ('2698', '2', '18', '30', '4', '11111111111111111111');
INSERT INTO `seat` VALUES ('2699', '2', '18', '31', '1', '11111111111111111111');
INSERT INTO `seat` VALUES ('2700', '2', '18', '32', '2', '11111111111111111111');
INSERT INTO `seat` VALUES ('2701', '2', '18', '33', '2', '11111111111111111111');
INSERT INTO `seat` VALUES ('2702', '2', '18', '34', '1', '11111111111111111111');
INSERT INTO `seat` VALUES ('2703', '2', '18', '35', '1', '11111111111111111111');
INSERT INTO `seat` VALUES ('2704', '2', '18', '36', '1', '11111111111111111111');
INSERT INTO `seat` VALUES ('2705', '2', '18', '37', '2', '11111111111111111111');
INSERT INTO `seat` VALUES ('2706', '2', '18', '38', '1', '11111111111111111111');
INSERT INTO `seat` VALUES ('2707', '2', '18', '39', '2', '11111111111111111111');
INSERT INTO `seat` VALUES ('2708', '2', '18', '40', '3', '11111111111111111111');
INSERT INTO `seat` VALUES ('2709', '2', '18', '41', '3', '11111111111111111111');
INSERT INTO `seat` VALUES ('2710', '2', '18', '42', '4', '11111111111111111111');
INSERT INTO `seat` VALUES ('2711', '2', '18', '43', '3', '11111111111111111111');
INSERT INTO `seat` VALUES ('2712', '2', '18', '44', '4', '11111111111111111111');
INSERT INTO `seat` VALUES ('2713', '2', '18', '45', '4', '11111111111111111111');
INSERT INTO `seat` VALUES ('2714', '2', '18', '46', '2', '11111111111111111111');
INSERT INTO `seat` VALUES ('2715', '2', '18', '47', '4', '11111111111111111111');
INSERT INTO `seat` VALUES ('2716', '2', '18', '48', '3', '11111111111111111111');
INSERT INTO `seat` VALUES ('2717', '2', '18', '49', '1', '11111111111111111111');
INSERT INTO `seat` VALUES ('2718', '2', '18', '50', '4', '11111111111111111111');
INSERT INTO `seat` VALUES ('2719', '3', '1', '20', '3', '0000000000000000000000');
INSERT INTO `seat` VALUES ('2720', '3', '1', '21', '3', '0000000000000000000000');
INSERT INTO `seat` VALUES ('2721', '3', '1', '22', '4', '0000000000000000000000');
INSERT INTO `seat` VALUES ('2722', '3', '1', '23', '1', '0000000000000000000000');
INSERT INTO `seat` VALUES ('2723', '3', '1', '24', '4', '0000000000000000000000');
INSERT INTO `seat` VALUES ('2724', '3', '1', '25', '2', '0000000000000000000000');
INSERT INTO `seat` VALUES ('2725', '3', '1', '26', '4', '0000000000000000000000');
INSERT INTO `seat` VALUES ('2726', '3', '1', '27', '4', '0000000000000000000000');
INSERT INTO `seat` VALUES ('2727', '3', '1', '28', '1', '0000000000000000000000');
INSERT INTO `seat` VALUES ('2728', '3', '1', '29', '3', '0000000000000000000000');
INSERT INTO `seat` VALUES ('2729', '3', '1', '30', '1', '0000000000000000000000');
INSERT INTO `seat` VALUES ('2730', '3', '1', '31', '3', '0000000000000000000000');
INSERT INTO `seat` VALUES ('2731', '3', '1', '32', '2', '0000000000000000000000');
INSERT INTO `seat` VALUES ('2732', '3', '1', '33', '3', '0000000000000000000000');
INSERT INTO `seat` VALUES ('2733', '3', '1', '34', '1', '0000000000000000000000');
INSERT INTO `seat` VALUES ('2734', '3', '1', '35', '1', '0000000000000000000000');
INSERT INTO `seat` VALUES ('2735', '3', '1', '36', '3', '0000000000000000000000');
INSERT INTO `seat` VALUES ('2736', '3', '1', '37', '4', '0000000000000000000000');
INSERT INTO `seat` VALUES ('2737', '3', '1', '38', '3', '0000000000000000000000');
INSERT INTO `seat` VALUES ('2738', '3', '1', '39', '4', '0000000000000000000000');
INSERT INTO `seat` VALUES ('2739', '3', '1', '40', '2', '0000000000000000000000');
INSERT INTO `seat` VALUES ('2740', '3', '1', '41', '3', '0000000000000000000000');
INSERT INTO `seat` VALUES ('2741', '3', '1', '42', '3', '0000000000000000000000');
INSERT INTO `seat` VALUES ('2742', '3', '1', '43', '4', '0000000000000000000000');
INSERT INTO `seat` VALUES ('2743', '3', '1', '44', '4', '0000000000000000000000');
INSERT INTO `seat` VALUES ('2744', '3', '1', '45', '4', '0000000000000000000000');
INSERT INTO `seat` VALUES ('2745', '3', '1', '46', '2', '0000000000000000000000');
INSERT INTO `seat` VALUES ('2746', '3', '1', '47', '4', '0000000000000000000000');
INSERT INTO `seat` VALUES ('2747', '3', '1', '48', '2', '0000000000000000000000');
INSERT INTO `seat` VALUES ('2748', '3', '1', '49', '2', '0000000000000000000000');
INSERT INTO `seat` VALUES ('2749', '3', '1', '50', '2', '0000000000000000000000');
INSERT INTO `seat` VALUES ('2750', '3', '2', '20', '2', '0000000000000000000000');
INSERT INTO `seat` VALUES ('2751', '3', '2', '21', '1', '0000000000000000000000');
INSERT INTO `seat` VALUES ('2752', '3', '2', '22', '1', '0000000000000000000000');
INSERT INTO `seat` VALUES ('2753', '3', '2', '23', '1', '0000000000000000000000');
INSERT INTO `seat` VALUES ('2754', '3', '2', '24', '4', '0000000000000000000000');
INSERT INTO `seat` VALUES ('2755', '3', '2', '25', '1', '0000000000000000000000');
INSERT INTO `seat` VALUES ('2756', '3', '2', '26', '4', '0000000000000000000000');
INSERT INTO `seat` VALUES ('2757', '3', '2', '27', '3', '0000000000000000000000');
INSERT INTO `seat` VALUES ('2758', '3', '2', '28', '1', '0000000000000000000000');
INSERT INTO `seat` VALUES ('2759', '3', '2', '29', '4', '0000000000000000000000');
INSERT INTO `seat` VALUES ('2760', '3', '2', '30', '4', '0000000000000000000000');
INSERT INTO `seat` VALUES ('2761', '3', '2', '31', '2', '0000000000000000000000');
INSERT INTO `seat` VALUES ('2762', '3', '2', '32', '1', '0000000000000000000000');
INSERT INTO `seat` VALUES ('2763', '3', '2', '33', '1', '0000000000000000000000');
INSERT INTO `seat` VALUES ('2764', '3', '2', '34', '3', '0000000000000000000000');
INSERT INTO `seat` VALUES ('2765', '3', '2', '35', '2', '0000000000000000000000');
INSERT INTO `seat` VALUES ('2766', '3', '2', '36', '4', '0000000000000000000000');
INSERT INTO `seat` VALUES ('2767', '3', '2', '37', '3', '0000000000000000000000');
INSERT INTO `seat` VALUES ('2768', '3', '2', '38', '2', '0000000000000000000000');
INSERT INTO `seat` VALUES ('2769', '3', '2', '39', '1', '0000000000000000000000');
INSERT INTO `seat` VALUES ('2770', '3', '2', '40', '4', '0000000000000000000000');
INSERT INTO `seat` VALUES ('2771', '3', '2', '41', '2', '0000000000000000000000');
INSERT INTO `seat` VALUES ('2772', '3', '2', '42', '2', '0000000000000000000000');
INSERT INTO `seat` VALUES ('2773', '3', '2', '43', '4', '0000000000000000000000');
INSERT INTO `seat` VALUES ('2774', '3', '2', '44', '3', '0000000000000000000000');
INSERT INTO `seat` VALUES ('2775', '3', '2', '45', '2', '0000000000000000000000');
INSERT INTO `seat` VALUES ('2776', '3', '2', '46', '3', '0000000000000000000000');
INSERT INTO `seat` VALUES ('2777', '3', '2', '47', '4', '0000000000000000000000');
INSERT INTO `seat` VALUES ('2778', '3', '2', '48', '4', '0000000000000000000000');
INSERT INTO `seat` VALUES ('2779', '3', '2', '49', '1', '0000000000000000000000');
INSERT INTO `seat` VALUES ('2780', '3', '2', '50', '3', '0000000000000000000000');
INSERT INTO `seat` VALUES ('2781', '3', '3', '20', '1', '0000000000000000000000');
INSERT INTO `seat` VALUES ('2782', '3', '3', '21', '1', '0000000000000000000000');
INSERT INTO `seat` VALUES ('2783', '3', '3', '22', '2', '0000000000000000000000');
INSERT INTO `seat` VALUES ('2784', '3', '3', '23', '4', '0000000000000000000000');
INSERT INTO `seat` VALUES ('2785', '3', '3', '24', '4', '0000000000000000000000');
INSERT INTO `seat` VALUES ('2786', '3', '3', '25', '1', '0000000000000000000000');
INSERT INTO `seat` VALUES ('2787', '3', '3', '26', '2', '0000000000000000000000');
INSERT INTO `seat` VALUES ('2788', '3', '3', '27', '3', '0000000000000000000000');
INSERT INTO `seat` VALUES ('2789', '3', '3', '28', '1', '0000000000000000000000');
INSERT INTO `seat` VALUES ('2790', '3', '3', '29', '1', '0000000000000000000000');
INSERT INTO `seat` VALUES ('2791', '3', '3', '30', '3', '0000000000000000000000');
INSERT INTO `seat` VALUES ('2792', '3', '3', '31', '1', '0000000000000000000000');
INSERT INTO `seat` VALUES ('2793', '3', '3', '32', '1', '0000000000000000000000');
INSERT INTO `seat` VALUES ('2794', '3', '3', '33', '3', '0000000000000000000000');
INSERT INTO `seat` VALUES ('2795', '3', '3', '34', '1', '0000000000000000000000');
INSERT INTO `seat` VALUES ('2796', '3', '3', '35', '2', '0000000000000000000000');
INSERT INTO `seat` VALUES ('2797', '3', '3', '36', '4', '0000000000000000000000');
INSERT INTO `seat` VALUES ('2798', '3', '3', '37', '3', '0000000000000000000000');
INSERT INTO `seat` VALUES ('2799', '3', '3', '38', '1', '0000000000000000000000');
INSERT INTO `seat` VALUES ('2800', '3', '3', '39', '3', '0000000000000000000000');
INSERT INTO `seat` VALUES ('2801', '3', '3', '40', '4', '0000000000000000000000');
INSERT INTO `seat` VALUES ('2802', '3', '3', '41', '3', '0000000000000000000000');
INSERT INTO `seat` VALUES ('2803', '3', '3', '42', '2', '0000000000000000000000');
INSERT INTO `seat` VALUES ('2804', '3', '3', '43', '4', '0000000000000000000000');
INSERT INTO `seat` VALUES ('2805', '3', '3', '44', '4', '0000000000000000000000');
INSERT INTO `seat` VALUES ('2806', '3', '3', '45', '3', '0000000000000000000000');
INSERT INTO `seat` VALUES ('2807', '3', '3', '46', '1', '0000000000000000000000');
INSERT INTO `seat` VALUES ('2808', '3', '3', '47', '1', '0000000000000000000000');
INSERT INTO `seat` VALUES ('2809', '3', '3', '48', '2', '0000000000000000000000');
INSERT INTO `seat` VALUES ('2810', '3', '3', '49', '4', '0000000000000000000000');
INSERT INTO `seat` VALUES ('2811', '3', '3', '50', '3', '0000000000000000000000');
INSERT INTO `seat` VALUES ('2812', '3', '4', '20', '3', '0000000000000000000000');
INSERT INTO `seat` VALUES ('2813', '3', '4', '21', '2', '0000000000000000000000');
INSERT INTO `seat` VALUES ('2814', '3', '4', '22', '2', '0000000000000000000000');
INSERT INTO `seat` VALUES ('2815', '3', '4', '23', '2', '0000000000000000000000');
INSERT INTO `seat` VALUES ('2816', '3', '4', '24', '4', '0000000000000000000000');
INSERT INTO `seat` VALUES ('2817', '3', '4', '25', '2', '0000000000000000000000');
INSERT INTO `seat` VALUES ('2818', '3', '4', '26', '3', '0000000000000000000000');
INSERT INTO `seat` VALUES ('2819', '3', '4', '27', '4', '0000000000000000000000');
INSERT INTO `seat` VALUES ('2820', '3', '4', '28', '2', '0000000000000000000000');
INSERT INTO `seat` VALUES ('2821', '3', '4', '29', '4', '0000000000000000000000');
INSERT INTO `seat` VALUES ('2822', '3', '4', '30', '3', '0000000000000000000000');
INSERT INTO `seat` VALUES ('2823', '3', '4', '31', '3', '0000000000000000000000');
INSERT INTO `seat` VALUES ('2824', '3', '4', '32', '2', '0000000000000000000000');
INSERT INTO `seat` VALUES ('2825', '3', '4', '33', '2', '0000000000000000000000');
INSERT INTO `seat` VALUES ('2826', '3', '4', '34', '2', '0000000000000000000000');
INSERT INTO `seat` VALUES ('2827', '3', '4', '35', '3', '0000000000000000000000');
INSERT INTO `seat` VALUES ('2828', '3', '4', '36', '4', '0000000000000000000000');
INSERT INTO `seat` VALUES ('2829', '3', '4', '37', '4', '0000000000000000000000');
INSERT INTO `seat` VALUES ('2830', '3', '4', '38', '3', '0000000000000000000000');
INSERT INTO `seat` VALUES ('2831', '3', '4', '39', '3', '0000000000000000000000');
INSERT INTO `seat` VALUES ('2832', '3', '4', '40', '1', '0000000000000000000000');
INSERT INTO `seat` VALUES ('2833', '3', '4', '41', '4', '0000000000000000000000');
INSERT INTO `seat` VALUES ('2834', '3', '4', '42', '1', '0000000000000000000000');
INSERT INTO `seat` VALUES ('2835', '3', '4', '43', '1', '0000000000000000000000');
INSERT INTO `seat` VALUES ('2836', '3', '4', '44', '1', '0000000000000000000000');
INSERT INTO `seat` VALUES ('2837', '3', '4', '45', '1', '0000000000000000000000');
INSERT INTO `seat` VALUES ('2838', '3', '4', '46', '2', '0000000000000000000000');
INSERT INTO `seat` VALUES ('2839', '3', '4', '47', '3', '0000000000000000000000');
INSERT INTO `seat` VALUES ('2840', '3', '4', '48', '4', '0000000000000000000000');
INSERT INTO `seat` VALUES ('2841', '3', '4', '49', '2', '0000000000000000000000');
INSERT INTO `seat` VALUES ('2842', '3', '4', '50', '2', '0000000000000000000000');
INSERT INTO `seat` VALUES ('2843', '3', '5', '20', '3', '0000000000000000000000');
INSERT INTO `seat` VALUES ('2844', '3', '5', '21', '2', '0000000000000000000000');
INSERT INTO `seat` VALUES ('2845', '3', '5', '22', '4', '0000000000000000000000');
INSERT INTO `seat` VALUES ('2846', '3', '5', '23', '2', '0000000000000000000000');
INSERT INTO `seat` VALUES ('2847', '3', '5', '24', '3', '0000000000000000000000');
INSERT INTO `seat` VALUES ('2848', '3', '5', '25', '1', '0000000000000000000000');
INSERT INTO `seat` VALUES ('2849', '3', '5', '26', '3', '0000000000000000000000');
INSERT INTO `seat` VALUES ('2850', '3', '5', '27', '2', '0000000000000000000000');
INSERT INTO `seat` VALUES ('2851', '3', '5', '28', '4', '0000000000000000000000');
INSERT INTO `seat` VALUES ('2852', '3', '5', '29', '4', '0000000000000000000000');
INSERT INTO `seat` VALUES ('2853', '3', '5', '30', '3', '0000000000000000000000');
INSERT INTO `seat` VALUES ('2854', '3', '5', '31', '4', '0000000000000000000000');
INSERT INTO `seat` VALUES ('2855', '3', '5', '32', '3', '0000000000000000000000');
INSERT INTO `seat` VALUES ('2856', '3', '5', '33', '4', '0000000000000000000000');
INSERT INTO `seat` VALUES ('2857', '3', '5', '34', '4', '0000000000000000000000');
INSERT INTO `seat` VALUES ('2858', '3', '5', '35', '4', '0000000000000000000000');
INSERT INTO `seat` VALUES ('2859', '3', '5', '36', '4', '0000000000000000000000');
INSERT INTO `seat` VALUES ('2860', '3', '5', '37', '1', '0000000000000000000000');
INSERT INTO `seat` VALUES ('2861', '3', '5', '38', '1', '0000000000000000000000');
INSERT INTO `seat` VALUES ('2862', '3', '5', '39', '3', '0000000000000000000000');
INSERT INTO `seat` VALUES ('2863', '3', '5', '40', '1', '0000000000000000000000');
INSERT INTO `seat` VALUES ('2864', '3', '5', '41', '1', '0000000000000000000000');
INSERT INTO `seat` VALUES ('2865', '3', '5', '42', '4', '0000000000000000000000');
INSERT INTO `seat` VALUES ('2866', '3', '5', '43', '3', '0000000000000000000000');
INSERT INTO `seat` VALUES ('2867', '3', '5', '44', '2', '0000000000000000000000');
INSERT INTO `seat` VALUES ('2868', '3', '5', '45', '2', '0000000000000000000000');
INSERT INTO `seat` VALUES ('2869', '3', '5', '46', '4', '0000000000000000000000');
INSERT INTO `seat` VALUES ('2870', '3', '5', '47', '2', '0000000000000000000000');
INSERT INTO `seat` VALUES ('2871', '3', '5', '48', '3', '0000000000000000000000');
INSERT INTO `seat` VALUES ('2872', '3', '5', '49', '2', '0000000000000000000000');
INSERT INTO `seat` VALUES ('2873', '3', '5', '50', '1', '0000000000000000000000');
INSERT INTO `seat` VALUES ('2874', '3', '6', '20', '1', '0000000000000000000000');
INSERT INTO `seat` VALUES ('2875', '3', '6', '21', '3', '0000000000000000000000');
INSERT INTO `seat` VALUES ('2876', '3', '6', '22', '3', '0000000000000000000000');
INSERT INTO `seat` VALUES ('2877', '3', '6', '23', '2', '0000000000000000000000');
INSERT INTO `seat` VALUES ('2878', '3', '6', '24', '2', '0000000000000000000000');
INSERT INTO `seat` VALUES ('2879', '3', '6', '25', '2', '0000000000000000000000');
INSERT INTO `seat` VALUES ('2880', '3', '6', '26', '2', '0000000000000000000000');
INSERT INTO `seat` VALUES ('2881', '3', '6', '27', '1', '0000000000000000000000');
INSERT INTO `seat` VALUES ('2882', '3', '6', '28', '1', '0000000000000000000000');
INSERT INTO `seat` VALUES ('2883', '3', '6', '29', '4', '0000000000000000000000');
INSERT INTO `seat` VALUES ('2884', '3', '6', '30', '1', '0000000000000000000000');
INSERT INTO `seat` VALUES ('2885', '3', '6', '31', '3', '0000000000000000000000');
INSERT INTO `seat` VALUES ('2886', '3', '6', '32', '4', '0000000000000000000000');
INSERT INTO `seat` VALUES ('2887', '3', '6', '33', '3', '0000000000000000000000');
INSERT INTO `seat` VALUES ('2888', '3', '6', '34', '4', '0000000000000000000000');
INSERT INTO `seat` VALUES ('2889', '3', '6', '35', '4', '0000000000000000000000');
INSERT INTO `seat` VALUES ('2890', '3', '6', '36', '4', '0000000000000000000000');
INSERT INTO `seat` VALUES ('2891', '3', '6', '37', '3', '0000000000000000000000');
INSERT INTO `seat` VALUES ('2892', '3', '6', '38', '1', '0000000000000000000000');
INSERT INTO `seat` VALUES ('2893', '3', '6', '39', '2', '0000000000000000000000');
INSERT INTO `seat` VALUES ('2894', '3', '6', '40', '2', '0000000000000000000000');
INSERT INTO `seat` VALUES ('2895', '3', '6', '41', '2', '0000000000000000000000');
INSERT INTO `seat` VALUES ('2896', '3', '6', '42', '1', '0000000000000000000000');
INSERT INTO `seat` VALUES ('2897', '3', '6', '43', '3', '0000000000000000000000');
INSERT INTO `seat` VALUES ('2898', '3', '6', '44', '2', '0000000000000000000000');
INSERT INTO `seat` VALUES ('2899', '3', '6', '45', '2', '0000000000000000000000');
INSERT INTO `seat` VALUES ('2900', '3', '6', '46', '1', '0000000000000000000000');
INSERT INTO `seat` VALUES ('2901', '3', '6', '47', '4', '0000000000000000000000');
INSERT INTO `seat` VALUES ('2902', '3', '6', '48', '3', '0000000000000000000000');
INSERT INTO `seat` VALUES ('2903', '3', '6', '49', '1', '0000000000000000000000');
INSERT INTO `seat` VALUES ('2904', '3', '6', '50', '1', '0000000000000000000000');
INSERT INTO `seat` VALUES ('2905', '3', '7', '20', '4', '0000000000000000000000');
INSERT INTO `seat` VALUES ('2906', '3', '7', '21', '4', '0000000000000000000000');
INSERT INTO `seat` VALUES ('2907', '3', '7', '22', '2', '0000000000000000000000');
INSERT INTO `seat` VALUES ('2908', '3', '7', '23', '3', '0000000000000000000000');
INSERT INTO `seat` VALUES ('2909', '3', '7', '24', '1', '0000000000000000000000');
INSERT INTO `seat` VALUES ('2910', '3', '7', '25', '1', '0000000000000000000000');
INSERT INTO `seat` VALUES ('2911', '3', '7', '26', '1', '0000000000000000000000');
INSERT INTO `seat` VALUES ('2912', '3', '7', '27', '2', '0000000000000000000000');
INSERT INTO `seat` VALUES ('2913', '3', '7', '28', '3', '0000000000000000000000');
INSERT INTO `seat` VALUES ('2914', '3', '7', '29', '4', '0000000000001000000000');
INSERT INTO `seat` VALUES ('2915', '3', '7', '30', '4', '0000000000001000000000');
INSERT INTO `seat` VALUES ('2916', '3', '7', '31', '3', '0000000000000000000000');
INSERT INTO `seat` VALUES ('2917', '3', '7', '32', '1', '0000000000000000000000');
INSERT INTO `seat` VALUES ('2918', '3', '7', '33', '4', '0000000000001000000000');
INSERT INTO `seat` VALUES ('2919', '3', '7', '34', '1', '0000000000000000000000');
INSERT INTO `seat` VALUES ('2920', '3', '7', '35', '1', '0000000000000000000000');
INSERT INTO `seat` VALUES ('2921', '3', '7', '36', '2', '0000000000000000000000');
INSERT INTO `seat` VALUES ('2922', '3', '7', '37', '1', '0000000000000000000000');
INSERT INTO `seat` VALUES ('2923', '3', '7', '38', '4', '0000000000001000000000');
INSERT INTO `seat` VALUES ('2924', '3', '7', '39', '1', '0000000000000000000000');
INSERT INTO `seat` VALUES ('2925', '3', '7', '40', '3', '0000000000000000000000');
INSERT INTO `seat` VALUES ('2926', '3', '7', '41', '4', '0000000000001000000000');
INSERT INTO `seat` VALUES ('2927', '3', '7', '42', '4', '0000000000001000000000');
INSERT INTO `seat` VALUES ('2928', '3', '7', '43', '3', '0000000000000000000000');
INSERT INTO `seat` VALUES ('2929', '3', '7', '44', '1', '0000000000000000000000');
INSERT INTO `seat` VALUES ('2930', '3', '7', '45', '4', '0000000000001000000000');
INSERT INTO `seat` VALUES ('2931', '3', '7', '46', '2', '0000000000000000000000');
INSERT INTO `seat` VALUES ('2932', '3', '7', '47', '4', '0000000000001000000000');
INSERT INTO `seat` VALUES ('2933', '3', '7', '48', '2', '0000000000000000000000');
INSERT INTO `seat` VALUES ('2934', '3', '7', '49', '2', '0000000000000000000000');
INSERT INTO `seat` VALUES ('2935', '3', '7', '50', '3', '0000000000000000000000');
INSERT INTO `seat` VALUES ('2936', '3', '8', '20', '1', '0000000000000000000000');
INSERT INTO `seat` VALUES ('2937', '3', '8', '21', '2', '0000000000000000000000');
INSERT INTO `seat` VALUES ('2938', '3', '8', '22', '1', '0000000000000000000000');
INSERT INTO `seat` VALUES ('2939', '3', '8', '23', '4', '0000000000001100000000');
INSERT INTO `seat` VALUES ('2940', '3', '8', '24', '1', '0000000000000000000000');
INSERT INTO `seat` VALUES ('2941', '3', '8', '25', '1', '0000000000000000000000');
INSERT INTO `seat` VALUES ('2942', '3', '8', '26', '4', '0010000000001100000000');
INSERT INTO `seat` VALUES ('2943', '3', '8', '27', '1', '0000000000000000000000');
INSERT INTO `seat` VALUES ('2944', '3', '8', '28', '2', '0000000000000000000000');
INSERT INTO `seat` VALUES ('2945', '3', '8', '29', '3', '0000000000000000000000');
INSERT INTO `seat` VALUES ('2946', '3', '8', '30', '1', '0000000000000000000000');
INSERT INTO `seat` VALUES ('2947', '3', '8', '31', '1', '0000000000000000000000');
INSERT INTO `seat` VALUES ('2948', '3', '8', '32', '4', '0010000000001100000000');
INSERT INTO `seat` VALUES ('2949', '3', '8', '33', '4', '0010000000001100000000');
INSERT INTO `seat` VALUES ('2950', '3', '8', '34', '2', '0000000000000000000000');
INSERT INTO `seat` VALUES ('2951', '3', '8', '35', '1', '0000000000000000000000');
INSERT INTO `seat` VALUES ('2952', '3', '8', '36', '2', '0000000000000000000000');
INSERT INTO `seat` VALUES ('2953', '3', '8', '37', '1', '0000000000000000000000');
INSERT INTO `seat` VALUES ('2954', '3', '8', '38', '3', '0000000000000000000000');
INSERT INTO `seat` VALUES ('2955', '3', '8', '39', '2', '0000000000000000000000');
INSERT INTO `seat` VALUES ('2956', '3', '8', '40', '2', '0000000000000000000000');
INSERT INTO `seat` VALUES ('2957', '3', '8', '41', '2', '0000000000000000000000');
INSERT INTO `seat` VALUES ('2958', '3', '8', '42', '1', '0000000000000000000000');
INSERT INTO `seat` VALUES ('2959', '3', '8', '43', '2', '0000000000000000000000');
INSERT INTO `seat` VALUES ('2960', '3', '8', '44', '2', '0000000000000000000000');
INSERT INTO `seat` VALUES ('2961', '3', '8', '45', '4', '0010000000001100000000');
INSERT INTO `seat` VALUES ('2962', '3', '8', '46', '2', '0000000000000000000000');
INSERT INTO `seat` VALUES ('2963', '3', '8', '47', '1', '0000000000000000000000');
INSERT INTO `seat` VALUES ('2964', '3', '8', '48', '1', '0000000000000000000000');
INSERT INTO `seat` VALUES ('2965', '3', '8', '49', '4', '0010000000001100000000');
INSERT INTO `seat` VALUES ('2966', '3', '8', '50', '3', '0000000000000000000000');
INSERT INTO `seat` VALUES ('2967', '3', '9', '20', '2', '0000000000000000000000');
INSERT INTO `seat` VALUES ('2968', '3', '9', '21', '1', '0000000000000000000000');
INSERT INTO `seat` VALUES ('2969', '3', '9', '22', '4', '0010000000001100110000');
INSERT INTO `seat` VALUES ('2970', '3', '9', '23', '4', '0010000000001100110000');
INSERT INTO `seat` VALUES ('2971', '3', '9', '24', '4', '0010000000001100110000');
INSERT INTO `seat` VALUES ('2972', '3', '9', '25', '1', '0000000000000000000000');
INSERT INTO `seat` VALUES ('2973', '3', '9', '26', '4', '0110001000001100110000');
INSERT INTO `seat` VALUES ('2974', '3', '9', '27', '2', '0000000000000000000000');
INSERT INTO `seat` VALUES ('2975', '3', '9', '28', '3', '0000000000000000000000');
INSERT INTO `seat` VALUES ('2976', '3', '9', '29', '3', '0000000000000000000000');
INSERT INTO `seat` VALUES ('2977', '3', '9', '30', '1', '0000000000000000000000');
INSERT INTO `seat` VALUES ('2978', '3', '9', '31', '3', '0000000000000000000000');
INSERT INTO `seat` VALUES ('2979', '3', '9', '32', '2', '0010000000000000000000');
INSERT INTO `seat` VALUES ('2980', '3', '9', '33', '4', '0110001000001100110000');
INSERT INTO `seat` VALUES ('2981', '3', '9', '34', '3', '0000000000000000000000');
INSERT INTO `seat` VALUES ('2982', '3', '9', '35', '2', '0010000000000000000000');
INSERT INTO `seat` VALUES ('2983', '3', '9', '36', '3', '0000000000000000000000');
INSERT INTO `seat` VALUES ('2984', '3', '9', '37', '1', '0000000000000000000000');
INSERT INTO `seat` VALUES ('2985', '3', '9', '38', '1', '0000000000000000000000');
INSERT INTO `seat` VALUES ('2986', '3', '9', '39', '2', '0010000000000000000000');
INSERT INTO `seat` VALUES ('2987', '3', '9', '40', '2', '0010000000000000000000');
INSERT INTO `seat` VALUES ('2988', '3', '9', '41', '2', '0010000000000000000000');
INSERT INTO `seat` VALUES ('2989', '3', '9', '42', '2', '0010000000000000000000');
INSERT INTO `seat` VALUES ('2990', '3', '9', '43', '2', '0010000000000000000000');
INSERT INTO `seat` VALUES ('2991', '3', '9', '44', '4', '0110001000001100111000');
INSERT INTO `seat` VALUES ('2992', '3', '9', '45', '2', '0010000000000000000000');
INSERT INTO `seat` VALUES ('2993', '3', '9', '46', '2', '0010000000000000000000');
INSERT INTO `seat` VALUES ('2994', '3', '9', '47', '4', '0110001000001100111000');
INSERT INTO `seat` VALUES ('2995', '3', '9', '48', '3', '0000000000000000000000');
INSERT INTO `seat` VALUES ('2996', '3', '9', '49', '2', '0010000000000000000000');
INSERT INTO `seat` VALUES ('2997', '3', '9', '50', '1', '0000000000000000000000');
INSERT INTO `seat` VALUES ('2998', '3', '10', '20', '1', '0000000000000000000000');
INSERT INTO `seat` VALUES ('2999', '3', '10', '21', '1', '0000000000000000000000');
INSERT INTO `seat` VALUES ('3000', '3', '10', '22', '4', '0110001000001100111000');
INSERT INTO `seat` VALUES ('3001', '3', '10', '23', '1', '0000000000000000000000');
INSERT INTO `seat` VALUES ('3002', '3', '10', '24', '2', '0010000000000000000000');
INSERT INTO `seat` VALUES ('3003', '3', '10', '25', '4', '1110001100001100111000');
INSERT INTO `seat` VALUES ('3004', '3', '10', '26', '3', '0000000000000000000000');
INSERT INTO `seat` VALUES ('3005', '3', '10', '27', '4', '1110001100001100111000');
INSERT INTO `seat` VALUES ('3006', '3', '10', '28', '1', '0000000000000000000000');
INSERT INTO `seat` VALUES ('3007', '3', '10', '29', '4', '1110001101001100111000');
INSERT INTO `seat` VALUES ('3008', '3', '10', '30', '3', '0010000000000000000000');
INSERT INTO `seat` VALUES ('3009', '3', '10', '31', '1', '0000000000000000000000');
INSERT INTO `seat` VALUES ('3010', '3', '10', '32', '3', '0010000000000000000000');
INSERT INTO `seat` VALUES ('3011', '3', '10', '33', '1', '0000000000000000000000');
INSERT INTO `seat` VALUES ('3012', '3', '10', '34', '1', '0000000000000000000000');
INSERT INTO `seat` VALUES ('3013', '3', '10', '35', '1', '0000000000000000000000');
INSERT INTO `seat` VALUES ('3014', '3', '10', '36', '4', '1110001101101100111100');
INSERT INTO `seat` VALUES ('3015', '3', '10', '37', '4', '1110001101101100111100');
INSERT INTO `seat` VALUES ('3016', '3', '10', '38', '4', '1110001101101100111100');
INSERT INTO `seat` VALUES ('3017', '3', '10', '39', '3', '0010000000000000100000');
INSERT INTO `seat` VALUES ('3018', '3', '10', '40', '3', '0010000000000000110000');
INSERT INTO `seat` VALUES ('3019', '3', '10', '41', '1', '0000000000000000000000');
INSERT INTO `seat` VALUES ('3020', '3', '10', '42', '3', '0010000000000100110000');
INSERT INTO `seat` VALUES ('3021', '3', '10', '43', '3', '0010000000001100110000');
INSERT INTO `seat` VALUES ('3022', '3', '10', '44', '2', '0010000000000000000000');
INSERT INTO `seat` VALUES ('3023', '3', '10', '45', '4', '1110001101101100111100');
INSERT INTO `seat` VALUES ('3024', '3', '10', '46', '1', '0000000000100000000000');
INSERT INTO `seat` VALUES ('3025', '3', '10', '47', '4', '1110001101101100111100');
INSERT INTO `seat` VALUES ('3026', '3', '10', '48', '2', '0010000000000000000000');
INSERT INTO `seat` VALUES ('3027', '3', '10', '49', '3', '0010000000001100110000');
INSERT INTO `seat` VALUES ('3028', '3', '10', '50', '1', '0000000000100000000000');
INSERT INTO `seat` VALUES ('3029', '3', '11', '20', '2', '0010000000000000000000');
INSERT INTO `seat` VALUES ('3030', '3', '11', '21', '3', '0010000000001100110000');
INSERT INTO `seat` VALUES ('3031', '3', '11', '22', '4', '1111001101101100111100');
INSERT INTO `seat` VALUES ('3032', '3', '11', '23', '2', '0010000100000000000000');
INSERT INTO `seat` VALUES ('3033', '3', '11', '24', '1', '0000100000100000000000');
INSERT INTO `seat` VALUES ('3034', '3', '11', '25', '3', '0010000000001100110000');
INSERT INTO `seat` VALUES ('3035', '3', '11', '26', '3', '0010000000001100110000');
INSERT INTO `seat` VALUES ('3036', '3', '11', '27', '2', '0010000100000000000000');
INSERT INTO `seat` VALUES ('3037', '3', '11', '28', '1', '0010100000100000000000');
INSERT INTO `seat` VALUES ('3038', '3', '11', '29', '3', '0110000000001100110000');
INSERT INTO `seat` VALUES ('3039', '3', '11', '30', '4', '1111001101101110111100');
INSERT INTO `seat` VALUES ('3040', '3', '11', '31', '3', '0110000000001100110000');
INSERT INTO `seat` VALUES ('3041', '3', '11', '32', '1', '0010100000100000000000');
INSERT INTO `seat` VALUES ('3042', '3', '11', '33', '4', '1111001101101111111100');
INSERT INTO `seat` VALUES ('3043', '3', '11', '34', '1', '0010100100100000001000');
INSERT INTO `seat` VALUES ('3044', '3', '11', '35', '4', '1111001101101111111100');
INSERT INTO `seat` VALUES ('3045', '3', '11', '36', '3', '0110000000001100110000');
INSERT INTO `seat` VALUES ('3046', '3', '11', '37', '2', '0010000100000000000000');
INSERT INTO `seat` VALUES ('3047', '3', '11', '38', '2', '0010100100000100010000');
INSERT INTO `seat` VALUES ('3048', '3', '11', '39', '3', '0110000000001100110000');
INSERT INTO `seat` VALUES ('2161', '2', '1', '20', '1', '00000000000000000000');
INSERT INTO `seat` VALUES ('2162', '2', '1', '21', '3', '00000000000000000000');
INSERT INTO `seat` VALUES ('2163', '2', '1', '22', '1', '00000000000000000000');
INSERT INTO `seat` VALUES ('2164', '2', '1', '23', '1', '00000000000000000000');
INSERT INTO `seat` VALUES ('2165', '2', '1', '24', '2', '00000000000000000000');
INSERT INTO `seat` VALUES ('2166', '2', '1', '25', '1', '00000000000000000000');
INSERT INTO `seat` VALUES ('2167', '2', '1', '26', '2', '00000000000000000000');
INSERT INTO `seat` VALUES ('2168', '2', '1', '27', '2', '00000000000000000000');
INSERT INTO `seat` VALUES ('2169', '2', '1', '28', '1', '00000000000000000000');
INSERT INTO `seat` VALUES ('2170', '2', '1', '29', '3', '00000000000000000000');
INSERT INTO `seat` VALUES ('2171', '2', '1', '30', '2', '00000000000000000000');
INSERT INTO `seat` VALUES ('2172', '2', '1', '31', '1', '00000000000000000000');
INSERT INTO `seat` VALUES ('2173', '2', '1', '32', '3', '00000000000000000000');
INSERT INTO `seat` VALUES ('2174', '2', '1', '33', '3', '00000000000000000000');
INSERT INTO `seat` VALUES ('2175', '2', '1', '34', '4', '00000000000000000000');
INSERT INTO `seat` VALUES ('2176', '2', '1', '35', '1', '00000000000000000000');
INSERT INTO `seat` VALUES ('2177', '2', '1', '36', '4', '00000000000000000000');
INSERT INTO `seat` VALUES ('2178', '2', '1', '37', '2', '00000000000000000000');
INSERT INTO `seat` VALUES ('2179', '2', '1', '38', '3', '00000000000000000000');
INSERT INTO `seat` VALUES ('2180', '2', '1', '39', '3', '00000000000000000000');
INSERT INTO `seat` VALUES ('2181', '2', '1', '40', '3', '00000000000000000000');
INSERT INTO `seat` VALUES ('2182', '2', '1', '41', '3', '00000000000000000000');
INSERT INTO `seat` VALUES ('2183', '2', '1', '42', '3', '00000000000000000000');
INSERT INTO `seat` VALUES ('2184', '2', '1', '43', '2', '00000000000000000000');
INSERT INTO `seat` VALUES ('2185', '2', '1', '44', '2', '00000000000000000000');
INSERT INTO `seat` VALUES ('2186', '2', '1', '45', '4', '00000000000000000000');
INSERT INTO `seat` VALUES ('2187', '2', '1', '46', '2', '00000000000000000000');
INSERT INTO `seat` VALUES ('2188', '2', '1', '47', '4', '00000000000000000000');
INSERT INTO `seat` VALUES ('2189', '2', '1', '48', '3', '00000000000000000000');
INSERT INTO `seat` VALUES ('2190', '2', '1', '49', '4', '00000000000000000000');
INSERT INTO `seat` VALUES ('2191', '2', '1', '50', '2', '00000000000000000000');
INSERT INTO `seat` VALUES ('2192', '2', '2', '20', '1', '00000000000000000000');
INSERT INTO `seat` VALUES ('2193', '2', '2', '21', '1', '00000000000000000000');
INSERT INTO `seat` VALUES ('2194', '2', '2', '22', '2', '00000000000000000000');
INSERT INTO `seat` VALUES ('2195', '2', '2', '23', '2', '00000000000000000000');
INSERT INTO `seat` VALUES ('2196', '2', '2', '24', '4', '00000000000000000000');
INSERT INTO `seat` VALUES ('2197', '2', '2', '25', '1', '00000000000000000000');
INSERT INTO `seat` VALUES ('2198', '2', '2', '26', '1', '00000000000000000000');
INSERT INTO `seat` VALUES ('2199', '2', '2', '27', '4', '00000000000000000000');
INSERT INTO `seat` VALUES ('2200', '2', '2', '28', '1', '00000000000000000000');
INSERT INTO `seat` VALUES ('2201', '2', '2', '29', '2', '00000000000000000000');
INSERT INTO `seat` VALUES ('2202', '2', '2', '30', '3', '00000000000000000000');
INSERT INTO `seat` VALUES ('2203', '2', '2', '31', '4', '00000000000000000000');
INSERT INTO `seat` VALUES ('2204', '2', '2', '32', '2', '00000000000000000000');
INSERT INTO `seat` VALUES ('2205', '2', '2', '33', '3', '00000000000000000000');
INSERT INTO `seat` VALUES ('2206', '2', '2', '34', '4', '00000000000000000000');
INSERT INTO `seat` VALUES ('2207', '2', '2', '35', '3', '00000000000000000000');
INSERT INTO `seat` VALUES ('2208', '2', '2', '36', '3', '00000000000000000000');
INSERT INTO `seat` VALUES ('2209', '2', '2', '37', '4', '00000000000000000000');
INSERT INTO `seat` VALUES ('2210', '2', '2', '38', '2', '00000000000000000000');
INSERT INTO `seat` VALUES ('2211', '2', '2', '39', '3', '00000000000000000000');
INSERT INTO `seat` VALUES ('2212', '2', '2', '40', '4', '00000000000000000000');
INSERT INTO `seat` VALUES ('2213', '2', '2', '41', '4', '00000000000000000000');
INSERT INTO `seat` VALUES ('2214', '2', '2', '42', '3', '00000000000000000000');
INSERT INTO `seat` VALUES ('2215', '2', '2', '43', '3', '00000000000000000000');
INSERT INTO `seat` VALUES ('2216', '2', '2', '44', '2', '00000000000000000000');
INSERT INTO `seat` VALUES ('2217', '2', '2', '45', '1', '00000000000000000000');
INSERT INTO `seat` VALUES ('2218', '2', '2', '46', '1', '00000000000000000000');
INSERT INTO `seat` VALUES ('2219', '2', '2', '47', '4', '00000000000000000000');
INSERT INTO `seat` VALUES ('2220', '2', '2', '48', '2', '00000000000000000000');
INSERT INTO `seat` VALUES ('2221', '2', '2', '49', '3', '00000000000000000000');
INSERT INTO `seat` VALUES ('2222', '2', '2', '50', '1', '00000000000000000000');
INSERT INTO `seat` VALUES ('2223', '2', '3', '20', '2', '00000000000000000000');
INSERT INTO `seat` VALUES ('2224', '2', '3', '21', '1', '00000000000000000000');
INSERT INTO `seat` VALUES ('2225', '2', '3', '22', '4', '00000000000000000000');
INSERT INTO `seat` VALUES ('2226', '2', '3', '23', '4', '00000000000000000000');
INSERT INTO `seat` VALUES ('2227', '2', '3', '24', '2', '00000000000000000000');
INSERT INTO `seat` VALUES ('2228', '2', '3', '25', '4', '00000000000000000000');
INSERT INTO `seat` VALUES ('2229', '2', '3', '26', '2', '00000000000000000000');
INSERT INTO `seat` VALUES ('2230', '2', '3', '27', '4', '00000000000000000000');
INSERT INTO `seat` VALUES ('2231', '2', '3', '28', '3', '00000000000000000000');
INSERT INTO `seat` VALUES ('2232', '2', '3', '29', '3', '00000000000000000000');
INSERT INTO `seat` VALUES ('2233', '2', '3', '30', '1', '00000000000000000000');
INSERT INTO `seat` VALUES ('2234', '2', '3', '31', '2', '00000000000000000000');
INSERT INTO `seat` VALUES ('2235', '2', '3', '32', '4', '00000000000000000000');
INSERT INTO `seat` VALUES ('2236', '2', '3', '33', '3', '00000000000000000000');
INSERT INTO `seat` VALUES ('2237', '2', '3', '34', '4', '00000000000000000000');
INSERT INTO `seat` VALUES ('2238', '2', '3', '35', '1', '00000000000000000000');
INSERT INTO `seat` VALUES ('2239', '2', '3', '36', '3', '00000000000000000000');
INSERT INTO `seat` VALUES ('2240', '2', '3', '37', '2', '00000000000000000000');
INSERT INTO `seat` VALUES ('2241', '2', '3', '38', '3', '00000000000000000000');
INSERT INTO `seat` VALUES ('2242', '2', '3', '39', '1', '00000000000000000000');
INSERT INTO `seat` VALUES ('2243', '2', '3', '40', '4', '00000000000000000000');
INSERT INTO `seat` VALUES ('2244', '2', '3', '41', '4', '00000000000000000000');
INSERT INTO `seat` VALUES ('2245', '2', '3', '42', '1', '00000000000000000000');
INSERT INTO `seat` VALUES ('2246', '2', '3', '43', '3', '00000000000000000000');
INSERT INTO `seat` VALUES ('2247', '2', '3', '44', '4', '00000000000000000000');
INSERT INTO `seat` VALUES ('2248', '2', '3', '45', '2', '00000000000000000000');
INSERT INTO `seat` VALUES ('2249', '2', '3', '46', '2', '00000000000000000000');
INSERT INTO `seat` VALUES ('2250', '2', '3', '47', '3', '00000000000000000000');
INSERT INTO `seat` VALUES ('2251', '2', '3', '48', '1', '00000000000000000000');
INSERT INTO `seat` VALUES ('2252', '2', '3', '49', '3', '00000000000000000000');
INSERT INTO `seat` VALUES ('2253', '2', '3', '50', '4', '00000000000000000000');
INSERT INTO `seat` VALUES ('2254', '2', '4', '20', '1', '00000000000000000000');
INSERT INTO `seat` VALUES ('2255', '2', '4', '21', '3', '00000000000000000000');
INSERT INTO `seat` VALUES ('2256', '2', '4', '22', '4', '00000000000000000000');
INSERT INTO `seat` VALUES ('2257', '2', '4', '23', '3', '00000000000000000000');
INSERT INTO `seat` VALUES ('2258', '2', '4', '24', '4', '00000000000000000000');
INSERT INTO `seat` VALUES ('2259', '2', '4', '25', '4', '00000000000000000000');
INSERT INTO `seat` VALUES ('2260', '2', '4', '26', '4', '00000000000000000000');
INSERT INTO `seat` VALUES ('2261', '2', '4', '27', '1', '00000000000000000000');
INSERT INTO `seat` VALUES ('2262', '2', '4', '28', '1', '00000000000000000000');
INSERT INTO `seat` VALUES ('2263', '2', '4', '29', '3', '00000000000000000000');
INSERT INTO `seat` VALUES ('2264', '2', '4', '30', '2', '00000000000000000000');
INSERT INTO `seat` VALUES ('2265', '2', '4', '31', '1', '00000000000000000000');
INSERT INTO `seat` VALUES ('2266', '2', '4', '32', '3', '00000000000000000000');
INSERT INTO `seat` VALUES ('2267', '2', '4', '33', '1', '00000000000000000000');
INSERT INTO `seat` VALUES ('2268', '2', '4', '34', '4', '00000000000000000000');
INSERT INTO `seat` VALUES ('2269', '2', '4', '35', '2', '00000000000000000000');
INSERT INTO `seat` VALUES ('2270', '2', '4', '36', '3', '00000000000000000000');
INSERT INTO `seat` VALUES ('2271', '2', '4', '37', '4', '00000000000000000000');
INSERT INTO `seat` VALUES ('2272', '2', '4', '38', '3', '00000000000000000000');
INSERT INTO `seat` VALUES ('2273', '2', '4', '39', '4', '00000000000000000000');
INSERT INTO `seat` VALUES ('2274', '2', '4', '40', '3', '00000000000000000000');
INSERT INTO `seat` VALUES ('2275', '2', '4', '41', '3', '00000000000000000000');
INSERT INTO `seat` VALUES ('2276', '2', '4', '42', '3', '00000000000000000000');
INSERT INTO `seat` VALUES ('2277', '2', '4', '43', '2', '00000000000000000000');
INSERT INTO `seat` VALUES ('2278', '2', '4', '44', '3', '00000000000000000000');
INSERT INTO `seat` VALUES ('2279', '2', '4', '45', '4', '00000000000000000000');
INSERT INTO `seat` VALUES ('2280', '2', '4', '46', '4', '00000000000000000000');
INSERT INTO `seat` VALUES ('2281', '2', '4', '47', '2', '00000000000000000000');
INSERT INTO `seat` VALUES ('2282', '2', '4', '48', '2', '00000000000000000000');
INSERT INTO `seat` VALUES ('2283', '2', '4', '49', '4', '00000000000000000000');
INSERT INTO `seat` VALUES ('2284', '2', '4', '50', '4', '00000001000000000000');
INSERT INTO `seat` VALUES ('2285', '2', '5', '20', '4', '00000001000000000000');
INSERT INTO `seat` VALUES ('2286', '2', '5', '21', '2', '00000000000000000000');
INSERT INTO `seat` VALUES ('3818', '4', '18', '34', '1', '111111111111111111');
INSERT INTO `seat` VALUES ('3819', '4', '18', '35', '1', '111111111111111111');
INSERT INTO `seat` VALUES ('3820', '4', '18', '36', '1', '111111111111111111');
INSERT INTO `seat` VALUES ('3821', '4', '18', '37', '3', '111111111111111111');
INSERT INTO `seat` VALUES ('3822', '4', '18', '38', '1', '111111111111111111');
INSERT INTO `seat` VALUES ('3823', '4', '18', '39', '3', '111111111111111111');
INSERT INTO `seat` VALUES ('3824', '4', '18', '40', '3', '111111111111111111');
INSERT INTO `seat` VALUES ('3825', '4', '18', '41', '2', '111111111111111111');
INSERT INTO `seat` VALUES ('3826', '4', '18', '42', '4', '111111111111111111');
INSERT INTO `seat` VALUES ('3827', '4', '18', '43', '1', '111111111111111111');
INSERT INTO `seat` VALUES ('3828', '4', '18', '44', '3', '111111111111111111');
INSERT INTO `seat` VALUES ('3829', '4', '18', '45', '2', '111111111111111111');
INSERT INTO `seat` VALUES ('3830', '4', '18', '46', '4', '111111111111111111');
INSERT INTO `seat` VALUES ('3831', '4', '18', '47', '4', '111111111111111111');
INSERT INTO `seat` VALUES ('3832', '4', '18', '48', '4', '111111111111111111');
INSERT INTO `seat` VALUES ('3833', '4', '18', '49', '4', '111111111111111111');
INSERT INTO `seat` VALUES ('3834', '4', '18', '50', '2', '111111111111111111');
INSERT INTO `seat` VALUES ('3835', '5', '1', '20', '2', '00000000000000000000000');
INSERT INTO `seat` VALUES ('3836', '5', '1', '21', '3', '00000000000000000000000');
INSERT INTO `seat` VALUES ('3837', '5', '1', '22', '3', '00000000000000000000000');
INSERT INTO `seat` VALUES ('3838', '5', '1', '23', '2', '00000000000000000000000');
INSERT INTO `seat` VALUES ('3839', '5', '1', '24', '3', '00000000000000000000000');
INSERT INTO `seat` VALUES ('3840', '5', '1', '25', '2', '00000000000000000000000');
INSERT INTO `seat` VALUES ('3841', '5', '1', '26', '4', '00000000000000000000000');
INSERT INTO `seat` VALUES ('3842', '5', '1', '27', '2', '00000000000000000000000');
INSERT INTO `seat` VALUES ('3843', '5', '1', '28', '3', '00000000000000000000000');
INSERT INTO `seat` VALUES ('3844', '5', '1', '29', '1', '00000000000000000000000');
INSERT INTO `seat` VALUES ('3845', '5', '1', '30', '4', '00000000000000000000000');
INSERT INTO `seat` VALUES ('3846', '5', '1', '31', '4', '00000000000000000000000');
INSERT INTO `seat` VALUES ('3847', '5', '1', '32', '2', '00000000000000000000000');
INSERT INTO `seat` VALUES ('3848', '5', '1', '33', '2', '00000000000000000000000');
INSERT INTO `seat` VALUES ('3849', '5', '1', '34', '3', '00000000000000000000000');
INSERT INTO `seat` VALUES ('3850', '5', '1', '35', '1', '00000000000000000000000');
INSERT INTO `seat` VALUES ('3851', '5', '1', '36', '1', '00000000000000000000000');
INSERT INTO `seat` VALUES ('3852', '5', '1', '37', '2', '00000000000000000000000');
INSERT INTO `seat` VALUES ('3853', '5', '1', '38', '3', '00000000000000000000000');
INSERT INTO `seat` VALUES ('3854', '5', '1', '39', '1', '00000000000000000000000');
INSERT INTO `seat` VALUES ('3855', '5', '1', '40', '4', '00000000000000000000000');
INSERT INTO `seat` VALUES ('3856', '5', '1', '41', '2', '00000000000000000000000');
INSERT INTO `seat` VALUES ('3857', '5', '1', '42', '3', '00000000000000000000000');
INSERT INTO `seat` VALUES ('3858', '5', '1', '43', '2', '00000000000000000000000');
INSERT INTO `seat` VALUES ('3859', '5', '1', '44', '4', '00000000000000000000000');
INSERT INTO `seat` VALUES ('3860', '5', '1', '45', '2', '00000000000000000000000');
INSERT INTO `seat` VALUES ('3861', '5', '1', '46', '2', '00000000000000000000000');
INSERT INTO `seat` VALUES ('3862', '5', '1', '47', '1', '00000000000000000000000');
INSERT INTO `seat` VALUES ('3863', '5', '1', '48', '3', '00000000000000000000000');
INSERT INTO `seat` VALUES ('3864', '5', '1', '49', '3', '00000000000000000000000');
INSERT INTO `seat` VALUES ('3865', '5', '1', '50', '4', '00000000000000000000000');
INSERT INTO `seat` VALUES ('3866', '5', '2', '20', '4', '00000000000000000000000');
INSERT INTO `seat` VALUES ('3867', '5', '2', '21', '1', '00000000000000000000000');
INSERT INTO `seat` VALUES ('3868', '5', '2', '22', '3', '00000000000000000000000');
INSERT INTO `seat` VALUES ('3869', '5', '2', '23', '4', '00000000000000000000000');
INSERT INTO `seat` VALUES ('3870', '5', '2', '24', '2', '00000000000000000000000');
INSERT INTO `seat` VALUES ('3871', '5', '2', '25', '2', '00000000000000000000000');
INSERT INTO `seat` VALUES ('3872', '5', '2', '26', '3', '00000000000000000000000');
INSERT INTO `seat` VALUES ('3873', '5', '2', '27', '1', '00000000000000000000000');
INSERT INTO `seat` VALUES ('3874', '5', '2', '28', '2', '00000000000000000000000');
INSERT INTO `seat` VALUES ('3875', '5', '2', '29', '4', '00000000000000000000000');
INSERT INTO `seat` VALUES ('3876', '5', '2', '30', '1', '00000000000000000000000');
INSERT INTO `seat` VALUES ('3877', '5', '2', '31', '1', '00000000000000000000000');
INSERT INTO `seat` VALUES ('3878', '5', '2', '32', '4', '00000000000000000000000');
INSERT INTO `seat` VALUES ('3879', '5', '2', '33', '1', '00000000000000000000000');
INSERT INTO `seat` VALUES ('3880', '5', '2', '34', '3', '00000000000000000000000');
INSERT INTO `seat` VALUES ('3881', '5', '2', '35', '2', '00000000000000000000000');
INSERT INTO `seat` VALUES ('3882', '5', '2', '36', '1', '00000000000000000000000');
INSERT INTO `seat` VALUES ('3883', '5', '2', '37', '2', '00000000000000000000000');
INSERT INTO `seat` VALUES ('3884', '5', '2', '38', '3', '00000000000000000000000');
INSERT INTO `seat` VALUES ('3885', '5', '2', '39', '3', '00000000000000000000000');
INSERT INTO `seat` VALUES ('3886', '5', '2', '40', '3', '00000000000000000000000');
INSERT INTO `seat` VALUES ('3887', '5', '2', '41', '1', '00000000000000000000000');
INSERT INTO `seat` VALUES ('3888', '5', '2', '42', '4', '00000000000000000000000');
INSERT INTO `seat` VALUES ('3889', '5', '2', '43', '3', '00000000000000000000000');
INSERT INTO `seat` VALUES ('3890', '5', '2', '44', '4', '00000000000000000000000');
INSERT INTO `seat` VALUES ('3891', '5', '2', '45', '2', '00000000000000000000000');
INSERT INTO `seat` VALUES ('3892', '5', '2', '46', '4', '00000000000000000000000');
INSERT INTO `seat` VALUES ('3893', '5', '2', '47', '1', '00000000000000000000000');
INSERT INTO `seat` VALUES ('3894', '5', '2', '48', '1', '00000000000000000000000');
INSERT INTO `seat` VALUES ('3895', '5', '2', '49', '2', '00000000000000000000000');
INSERT INTO `seat` VALUES ('3896', '5', '2', '50', '3', '00000000000000000000000');
INSERT INTO `seat` VALUES ('3897', '5', '3', '20', '2', '00000000000000000000000');
INSERT INTO `seat` VALUES ('3898', '5', '3', '21', '1', '00000000000000000000000');
INSERT INTO `seat` VALUES ('3899', '5', '3', '22', '3', '00000000000000000000000');
INSERT INTO `seat` VALUES ('3900', '5', '3', '23', '4', '00000000000000000000000');
INSERT INTO `seat` VALUES ('3901', '5', '3', '24', '2', '00000000000000000000000');
INSERT INTO `seat` VALUES ('3902', '5', '3', '25', '1', '00000000000000000000000');
INSERT INTO `seat` VALUES ('3903', '5', '3', '26', '2', '00000000000000000000000');
INSERT INTO `seat` VALUES ('3904', '5', '3', '27', '2', '00000000000000000000000');
INSERT INTO `seat` VALUES ('3905', '5', '3', '28', '4', '00000000000000000000000');
INSERT INTO `seat` VALUES ('3906', '5', '3', '29', '3', '00000000000000000000000');
INSERT INTO `seat` VALUES ('3907', '5', '3', '30', '4', '00000000000000000000000');
INSERT INTO `seat` VALUES ('3908', '5', '3', '31', '2', '00000000000000000000000');
INSERT INTO `seat` VALUES ('3909', '5', '3', '32', '4', '00000000000000000000000');
INSERT INTO `seat` VALUES ('3910', '5', '3', '33', '1', '00000000000000000000000');
INSERT INTO `seat` VALUES ('3911', '5', '3', '34', '4', '00000000000000000000000');
INSERT INTO `seat` VALUES ('3912', '5', '3', '35', '1', '00000000000000000000000');
INSERT INTO `seat` VALUES ('3913', '5', '3', '36', '4', '00000000000000000000000');
INSERT INTO `seat` VALUES ('3914', '5', '3', '37', '4', '00000000000000000000000');
INSERT INTO `seat` VALUES ('3915', '5', '3', '38', '3', '00000000000000000000000');
INSERT INTO `seat` VALUES ('3916', '5', '3', '39', '3', '00000000000000000000000');
INSERT INTO `seat` VALUES ('3917', '5', '3', '40', '4', '00000000000000000000000');
INSERT INTO `seat` VALUES ('3918', '5', '3', '41', '1', '00000000000000000000000');
INSERT INTO `seat` VALUES ('3919', '5', '3', '42', '4', '00000000000000000000000');
INSERT INTO `seat` VALUES ('3920', '5', '3', '43', '3', '00000000000000000000000');
INSERT INTO `seat` VALUES ('3921', '5', '3', '44', '2', '00000000000000000000000');
INSERT INTO `seat` VALUES ('3922', '5', '3', '45', '3', '00000000000000000000000');
INSERT INTO `seat` VALUES ('3923', '5', '3', '46', '1', '00000000000000000000000');
INSERT INTO `seat` VALUES ('3924', '5', '3', '47', '3', '00000000000000000000000');
INSERT INTO `seat` VALUES ('3925', '5', '3', '48', '1', '00000000000000000000000');
INSERT INTO `seat` VALUES ('3926', '5', '3', '49', '1', '00000000000000000000000');
INSERT INTO `seat` VALUES ('3927', '5', '3', '50', '1', '00000000000000000000000');
INSERT INTO `seat` VALUES ('3928', '5', '4', '20', '3', '00000000000000000000000');
INSERT INTO `seat` VALUES ('3929', '5', '4', '21', '4', '00000000000000000000000');
INSERT INTO `seat` VALUES ('3930', '5', '4', '22', '1', '00000000000000000000000');
INSERT INTO `seat` VALUES ('3931', '5', '4', '23', '1', '00000000000000000000000');
INSERT INTO `seat` VALUES ('3932', '5', '4', '24', '2', '00000000000000000000000');
INSERT INTO `seat` VALUES ('3933', '5', '4', '25', '3', '00000000000000000000000');
INSERT INTO `seat` VALUES ('3934', '5', '4', '26', '3', '00000000000000000000000');
INSERT INTO `seat` VALUES ('3935', '5', '4', '27', '4', '00000000000000000000000');
INSERT INTO `seat` VALUES ('3936', '5', '4', '28', '4', '00000000000000000000000');
INSERT INTO `seat` VALUES ('3937', '5', '4', '29', '4', '00000000000000000000000');
INSERT INTO `seat` VALUES ('3938', '5', '4', '30', '2', '00000000000000000000000');
INSERT INTO `seat` VALUES ('3939', '5', '4', '31', '4', '00000000000000000000000');
INSERT INTO `seat` VALUES ('3940', '5', '4', '32', '3', '00000000000000000000000');
INSERT INTO `seat` VALUES ('3941', '5', '4', '33', '3', '00000000000000000000000');
INSERT INTO `seat` VALUES ('3942', '5', '4', '34', '2', '00000000000000000000000');
INSERT INTO `seat` VALUES ('3943', '5', '4', '35', '3', '00000000000000000000000');
INSERT INTO `seat` VALUES ('3944', '5', '4', '36', '3', '00000000000000000000000');
INSERT INTO `seat` VALUES ('3945', '5', '4', '37', '2', '00000000000000000000000');
INSERT INTO `seat` VALUES ('3946', '5', '4', '38', '3', '00000000000000000000000');
INSERT INTO `seat` VALUES ('3947', '5', '4', '39', '2', '00000000000000000000000');
INSERT INTO `seat` VALUES ('3948', '5', '4', '40', '1', '00000000000000000000000');
INSERT INTO `seat` VALUES ('3949', '5', '4', '41', '4', '00000000000000000000000');
INSERT INTO `seat` VALUES ('3950', '5', '4', '42', '3', '00000000000000000000000');
INSERT INTO `seat` VALUES ('3951', '5', '4', '43', '4', '00000000000000000000000');
INSERT INTO `seat` VALUES ('3952', '5', '4', '44', '2', '00000000000000000000000');
INSERT INTO `seat` VALUES ('3953', '5', '4', '45', '1', '00000000000000000000000');
INSERT INTO `seat` VALUES ('3954', '5', '4', '46', '1', '00000000000000000000000');
INSERT INTO `seat` VALUES ('3955', '5', '4', '47', '4', '00000000000000000000000');
INSERT INTO `seat` VALUES ('3956', '5', '4', '48', '4', '00000000000000000000000');
INSERT INTO `seat` VALUES ('3957', '5', '4', '49', '4', '00000000000000000000000');
INSERT INTO `seat` VALUES ('3958', '5', '4', '50', '3', '00000000000000000000000');
INSERT INTO `seat` VALUES ('3959', '5', '5', '20', '3', '00000000000000000000000');
INSERT INTO `seat` VALUES ('3960', '5', '5', '21', '2', '00000000000000000000000');
INSERT INTO `seat` VALUES ('3961', '5', '5', '22', '4', '00000000000000000000000');
INSERT INTO `seat` VALUES ('3962', '5', '5', '23', '3', '00000000000000000000000');
INSERT INTO `seat` VALUES ('3963', '5', '5', '24', '4', '00000000000000000000000');
INSERT INTO `seat` VALUES ('3964', '5', '5', '25', '3', '00000000000000000000000');
INSERT INTO `seat` VALUES ('3965', '5', '5', '26', '3', '00000000000000000000000');
INSERT INTO `seat` VALUES ('3966', '5', '5', '27', '2', '00000000000000000000000');
INSERT INTO `seat` VALUES ('3967', '5', '5', '28', '1', '00000000000000000000000');
INSERT INTO `seat` VALUES ('3968', '5', '5', '29', '3', '00000000000000000000000');
INSERT INTO `seat` VALUES ('3969', '5', '5', '30', '3', '00000000000000000000000');
INSERT INTO `seat` VALUES ('3970', '5', '5', '31', '3', '00000000000000000000000');
INSERT INTO `seat` VALUES ('3971', '5', '5', '32', '3', '00000000000000000000000');
INSERT INTO `seat` VALUES ('3972', '5', '5', '33', '1', '00000000000000000000000');
INSERT INTO `seat` VALUES ('3973', '5', '5', '34', '2', '00000000000000000000000');
INSERT INTO `seat` VALUES ('3974', '5', '5', '35', '2', '00000000000000000000000');
INSERT INTO `seat` VALUES ('3975', '5', '5', '36', '2', '00000000000000000000000');
INSERT INTO `seat` VALUES ('3976', '5', '5', '37', '1', '00000000000000000000000');
INSERT INTO `seat` VALUES ('3977', '5', '5', '38', '4', '00000000000000000000000');
INSERT INTO `seat` VALUES ('3978', '5', '5', '39', '4', '00000000000000000000000');
INSERT INTO `seat` VALUES ('3979', '5', '5', '40', '1', '00000000000000000000000');
INSERT INTO `seat` VALUES ('3980', '5', '5', '41', '4', '00000000000000000000000');
INSERT INTO `seat` VALUES ('3981', '5', '5', '42', '4', '00000000000000000000000');
INSERT INTO `seat` VALUES ('3982', '5', '5', '43', '4', '00000000000000000000000');
INSERT INTO `seat` VALUES ('3983', '5', '5', '44', '2', '00000000000000000000000');
INSERT INTO `seat` VALUES ('3984', '5', '5', '45', '3', '00000000000000000000000');
INSERT INTO `seat` VALUES ('3985', '5', '5', '46', '2', '00000000000000000000000');
INSERT INTO `seat` VALUES ('3986', '5', '5', '47', '2', '00000000000000000000000');
INSERT INTO `seat` VALUES ('3987', '5', '5', '48', '4', '00000000000000000000000');
INSERT INTO `seat` VALUES ('3988', '5', '5', '49', '4', '00000000000000000000000');
INSERT INTO `seat` VALUES ('3989', '5', '5', '50', '1', '00000000000000000000000');
INSERT INTO `seat` VALUES ('3990', '5', '6', '20', '3', '00000000000000000000000');
INSERT INTO `seat` VALUES ('3991', '5', '6', '21', '2', '00000000000000000000000');
INSERT INTO `seat` VALUES ('3992', '5', '6', '22', '4', '00000000000000000000000');
INSERT INTO `seat` VALUES ('3993', '5', '6', '23', '3', '00000000000000000000000');
INSERT INTO `seat` VALUES ('3994', '5', '6', '24', '2', '00000000000000000000000');
INSERT INTO `seat` VALUES ('3995', '5', '6', '25', '2', '00000000000000000000000');
INSERT INTO `seat` VALUES ('3996', '5', '6', '26', '2', '00000000000000000000000');
INSERT INTO `seat` VALUES ('3997', '5', '6', '27', '1', '00000000000000000000000');
INSERT INTO `seat` VALUES ('3998', '5', '6', '28', '2', '00000000000000000000000');
INSERT INTO `seat` VALUES ('3999', '5', '6', '29', '4', '00000000000000000000000');
INSERT INTO `seat` VALUES ('4000', '5', '6', '30', '4', '00000000000000000000000');
INSERT INTO `seat` VALUES ('4001', '5', '6', '31', '4', '00000000000000000000000');
INSERT INTO `seat` VALUES ('4002', '5', '6', '32', '1', '00000000000000000000000');
INSERT INTO `seat` VALUES ('4003', '5', '6', '33', '3', '00000000000000000000000');
INSERT INTO `seat` VALUES ('4004', '5', '6', '34', '4', '00000000000000000000000');
INSERT INTO `seat` VALUES ('4005', '5', '6', '35', '3', '00000000000000000000000');
INSERT INTO `seat` VALUES ('4006', '5', '6', '36', '4', '00000000000000000000000');
INSERT INTO `seat` VALUES ('4007', '5', '6', '37', '4', '00000000000000000000000');
INSERT INTO `seat` VALUES ('4008', '5', '6', '38', '4', '00000000000000000000000');
INSERT INTO `seat` VALUES ('4009', '5', '6', '39', '2', '00000000000000000000000');
INSERT INTO `seat` VALUES ('4010', '5', '6', '40', '4', '00000000000000000000000');
INSERT INTO `seat` VALUES ('4011', '5', '6', '41', '1', '00000000000000000000000');
INSERT INTO `seat` VALUES ('4012', '5', '6', '42', '2', '00000000000000000000000');
INSERT INTO `seat` VALUES ('4013', '5', '6', '43', '2', '00000000000000000000000');
INSERT INTO `seat` VALUES ('4014', '5', '6', '44', '2', '00000000000000000000000');
INSERT INTO `seat` VALUES ('4015', '5', '6', '45', '1', '00000000000000000000000');
INSERT INTO `seat` VALUES ('4016', '5', '6', '46', '1', '00000000000000000000000');
INSERT INTO `seat` VALUES ('4017', '5', '6', '47', '4', '00000000000000000000000');
INSERT INTO `seat` VALUES ('4018', '5', '6', '48', '1', '00000000000000000000000');
INSERT INTO `seat` VALUES ('4019', '5', '6', '49', '3', '00000000000000000000000');
INSERT INTO `seat` VALUES ('4020', '5', '6', '50', '2', '00000000000000000000000');
INSERT INTO `seat` VALUES ('4021', '5', '7', '20', '1', '00000000000000000000000');
INSERT INTO `seat` VALUES ('4022', '5', '7', '21', '1', '00000000000000000000000');
INSERT INTO `seat` VALUES ('4023', '5', '7', '22', '4', '00000000000000000000010');
INSERT INTO `seat` VALUES ('4024', '5', '7', '23', '3', '00000000000000000000000');
INSERT INTO `seat` VALUES ('4025', '5', '7', '24', '2', '00000000000000000000000');
INSERT INTO `seat` VALUES ('4026', '5', '7', '25', '1', '00000000000000000000000');
INSERT INTO `seat` VALUES ('4027', '5', '7', '26', '4', '00000000000000000000010');
INSERT INTO `seat` VALUES ('4028', '5', '7', '27', '2', '00000000000000000000000');
INSERT INTO `seat` VALUES ('4029', '5', '7', '28', '2', '00000000000000000000000');
INSERT INTO `seat` VALUES ('4030', '5', '7', '29', '4', '00000000000000000000010');
INSERT INTO `seat` VALUES ('4031', '5', '7', '30', '3', '00000000000000000000000');
INSERT INTO `seat` VALUES ('4032', '5', '7', '31', '2', '00000000000000000000000');
INSERT INTO `seat` VALUES ('4033', '5', '7', '32', '1', '00000000000000000000000');
INSERT INTO `seat` VALUES ('4034', '5', '7', '33', '2', '00000000000000000000000');
INSERT INTO `seat` VALUES ('4035', '5', '7', '34', '1', '00000000000000000000000');
INSERT INTO `seat` VALUES ('4036', '5', '7', '35', '4', '00000000000001000000010');
INSERT INTO `seat` VALUES ('4037', '5', '7', '36', '3', '00000000000000000000000');
INSERT INTO `seat` VALUES ('4038', '5', '7', '37', '3', '00000000000000000000000');
INSERT INTO `seat` VALUES ('4039', '5', '7', '38', '2', '00000000000000000000000');
INSERT INTO `seat` VALUES ('4040', '5', '7', '39', '3', '00000000000000000000000');
INSERT INTO `seat` VALUES ('4041', '5', '7', '40', '2', '00000000000000000000000');
INSERT INTO `seat` VALUES ('4042', '5', '7', '41', '2', '00000000000000000000000');
INSERT INTO `seat` VALUES ('4043', '5', '7', '42', '4', '00000000000001000000010');
INSERT INTO `seat` VALUES ('4044', '5', '7', '43', '1', '00000000000000000000000');
INSERT INTO `seat` VALUES ('4045', '5', '7', '44', '1', '00000000000000000000000');
INSERT INTO `seat` VALUES ('4046', '5', '7', '45', '1', '00000000000000000000000');
INSERT INTO `seat` VALUES ('4047', '5', '7', '46', '1', '00000000000000000000000');
INSERT INTO `seat` VALUES ('4048', '5', '7', '47', '1', '00000000000000000000000');
INSERT INTO `seat` VALUES ('4049', '5', '7', '48', '3', '00000000000000000000000');
INSERT INTO `seat` VALUES ('4050', '5', '7', '49', '1', '00000000000000000000000');
INSERT INTO `seat` VALUES ('4051', '5', '7', '50', '3', '00000000000000000000000');
INSERT INTO `seat` VALUES ('4052', '5', '8', '20', '3', '00000000000000000000000');
INSERT INTO `seat` VALUES ('4053', '5', '8', '21', '3', '00000000000000000000000');
INSERT INTO `seat` VALUES ('4054', '5', '8', '22', '1', '00000000000000000000000');
INSERT INTO `seat` VALUES ('4055', '5', '8', '23', '2', '00000000000000000000000');
INSERT INTO `seat` VALUES ('4056', '5', '8', '24', '3', '00000000000000000000000');
INSERT INTO `seat` VALUES ('4057', '5', '8', '25', '2', '00000000000000000000000');
INSERT INTO `seat` VALUES ('4058', '5', '8', '26', '1', '00000000000000000000000');
INSERT INTO `seat` VALUES ('4059', '5', '8', '27', '3', '00000000000000000000000');
INSERT INTO `seat` VALUES ('4060', '5', '8', '28', '3', '00000000000000000000000');
INSERT INTO `seat` VALUES ('4061', '5', '8', '29', '4', '00000000000001000000010');
INSERT INTO `seat` VALUES ('4062', '5', '8', '30', '1', '00000000000000000000000');
INSERT INTO `seat` VALUES ('4063', '5', '8', '31', '2', '00000000000000000000000');
INSERT INTO `seat` VALUES ('4064', '5', '8', '32', '4', '00000000000001000000010');
INSERT INTO `seat` VALUES ('4065', '5', '8', '33', '1', '00000000000000000000000');
INSERT INTO `seat` VALUES ('4066', '5', '8', '34', '4', '00000000000001000000010');
INSERT INTO `seat` VALUES ('4067', '5', '8', '35', '3', '00000000000000000000000');
INSERT INTO `seat` VALUES ('4068', '5', '8', '36', '1', '00000000000000000000000');
INSERT INTO `seat` VALUES ('4069', '5', '8', '37', '2', '00000000000000000000000');
INSERT INTO `seat` VALUES ('4070', '5', '8', '38', '3', '00000000000000000000000');
INSERT INTO `seat` VALUES ('4071', '5', '8', '39', '2', '00000000000000000000000');
INSERT INTO `seat` VALUES ('4072', '5', '8', '40', '1', '00000000000000000000000');
INSERT INTO `seat` VALUES ('4073', '5', '8', '41', '3', '00000000000000000000000');
INSERT INTO `seat` VALUES ('4074', '5', '8', '42', '1', '00000000000000000000000');
INSERT INTO `seat` VALUES ('4075', '5', '8', '43', '2', '00000000000000000000000');
INSERT INTO `seat` VALUES ('4076', '5', '8', '44', '1', '00000000000000000000000');
INSERT INTO `seat` VALUES ('4077', '5', '8', '45', '4', '00000000000001000000010');
INSERT INTO `seat` VALUES ('4078', '5', '8', '46', '3', '00000000000000000000000');
INSERT INTO `seat` VALUES ('4079', '5', '8', '47', '2', '00000000000000000000000');
INSERT INTO `seat` VALUES ('4080', '5', '8', '48', '1', '00000000000000000000000');
INSERT INTO `seat` VALUES ('4081', '5', '8', '49', '3', '00000000000000000000000');
INSERT INTO `seat` VALUES ('4082', '5', '8', '50', '4', '00000000000001000000010');
INSERT INTO `seat` VALUES ('4083', '5', '9', '20', '1', '00000000000000000000000');
INSERT INTO `seat` VALUES ('4084', '5', '9', '21', '4', '00000000100001000000010');
INSERT INTO `seat` VALUES ('4085', '5', '9', '22', '3', '00000000000000000000000');
INSERT INTO `seat` VALUES ('4086', '5', '9', '23', '4', '00000000100001000000010');
INSERT INTO `seat` VALUES ('4087', '5', '9', '24', '2', '00000000000000000000000');
INSERT INTO `seat` VALUES ('4088', '5', '9', '25', '4', '00000000100001000000010');
INSERT INTO `seat` VALUES ('4089', '5', '9', '26', '3', '00000000000000000000000');
INSERT INTO `seat` VALUES ('4090', '5', '9', '27', '3', '00000000000000000000000');
INSERT INTO `seat` VALUES ('4091', '5', '9', '28', '2', '00000000000000000000000');
INSERT INTO `seat` VALUES ('4092', '5', '9', '29', '2', '00000000000000000000000');
INSERT INTO `seat` VALUES ('4093', '5', '9', '30', '2', '00000000000000000000000');
INSERT INTO `seat` VALUES ('4094', '5', '9', '31', '3', '00000000000000000000010');
INSERT INTO `seat` VALUES ('4095', '5', '9', '32', '1', '00000000000000000000000');
INSERT INTO `seat` VALUES ('4096', '5', '9', '33', '3', '00000000000001000000010');
INSERT INTO `seat` VALUES ('4097', '5', '9', '34', '1', '00000000000000000000000');
INSERT INTO `seat` VALUES ('4098', '5', '9', '35', '4', '10000000100001010000010');
INSERT INTO `seat` VALUES ('4099', '5', '9', '36', '3', '00000100000001000000010');
INSERT INTO `seat` VALUES ('4100', '5', '9', '37', '2', '00000000000000000000000');
INSERT INTO `seat` VALUES ('4101', '5', '9', '38', '4', '10000000100001010000010');
INSERT INTO `seat` VALUES ('4102', '5', '9', '39', '1', '00000000000000000000000');
INSERT INTO `seat` VALUES ('4103', '5', '9', '40', '3', '00000100000001000000110');
INSERT INTO `seat` VALUES ('4104', '5', '9', '41', '2', '00000000000000000000000');
INSERT INTO `seat` VALUES ('4105', '5', '9', '42', '1', '00000000000000000000000');
INSERT INTO `seat` VALUES ('4106', '5', '9', '43', '2', '00000000000001000000000');
INSERT INTO `seat` VALUES ('4107', '5', '9', '44', '1', '00000000000000000000000');
INSERT INTO `seat` VALUES ('4108', '5', '9', '45', '3', '00000100000001000000110');
INSERT INTO `seat` VALUES ('4109', '5', '9', '46', '4', '10000000100001010000010');
INSERT INTO `seat` VALUES ('4110', '5', '9', '47', '3', '00100100000001000000110');
INSERT INTO `seat` VALUES ('4111', '5', '9', '48', '2', '00000000000001000000000');
INSERT INTO `seat` VALUES ('4112', '5', '9', '49', '3', '01100100000001000000110');
INSERT INTO `seat` VALUES ('4113', '5', '9', '50', '3', '01100100000001000000110');
INSERT INTO `seat` VALUES ('4114', '5', '10', '20', '4', '10000000100001010000110');
INSERT INTO `seat` VALUES ('4115', '5', '10', '21', '2', '00000000000001000000000');
INSERT INTO `seat` VALUES ('4116', '5', '10', '22', '3', '01100100000001000000110');
INSERT INTO `seat` VALUES ('4117', '5', '10', '23', '1', '00000000000000000000000');
INSERT INTO `seat` VALUES ('4118', '5', '10', '24', '2', '00000000000001000000000');
INSERT INTO `seat` VALUES ('4119', '5', '10', '25', '3', '01100100000001000000110');
INSERT INTO `seat` VALUES ('4120', '5', '10', '26', '4', '10000000100001010000110');
INSERT INTO `seat` VALUES ('4121', '5', '10', '27', '3', '01100100000001000000111');
INSERT INTO `seat` VALUES ('4122', '5', '10', '28', '3', '01100100000001000000111');
INSERT INTO `seat` VALUES ('4123', '5', '10', '29', '1', '00000000000000000000000');
INSERT INTO `seat` VALUES ('4124', '5', '10', '30', '3', '01101100100001000000111');
INSERT INTO `seat` VALUES ('4125', '5', '10', '31', '3', '01101100100001010000111');
INSERT INTO `seat` VALUES ('4126', '5', '10', '32', '4', '10000000100001010000110');
INSERT INTO `seat` VALUES ('4127', '5', '10', '33', '1', '00000000000000000000000');
INSERT INTO `seat` VALUES ('4128', '5', '10', '34', '2', '00000000000001000000000');
INSERT INTO `seat` VALUES ('4129', '5', '10', '35', '3', '11101100100001010000111');
INSERT INTO `seat` VALUES ('4130', '5', '10', '36', '4', '10000000100001010000110');
INSERT INTO `seat` VALUES ('4131', '5', '10', '37', '3', '11101100100001010000111');
INSERT INTO `seat` VALUES ('4132', '5', '10', '38', '3', '11101100100001010000111');
INSERT INTO `seat` VALUES ('4133', '5', '10', '39', '2', '00000000000001010000000');
INSERT INTO `seat` VALUES ('4134', '5', '10', '40', '2', '00000000000001010000000');
INSERT INTO `seat` VALUES ('4135', '5', '10', '41', '1', '00000000000000000000000');
INSERT INTO `seat` VALUES ('4136', '5', '10', '42', '3', '11101100100001010000111');
INSERT INTO `seat` VALUES ('4137', '5', '10', '43', '2', '00000000000001010000000');
INSERT INTO `seat` VALUES ('4138', '5', '10', '44', '1', '00000000000000000000000');
INSERT INTO `seat` VALUES ('4139', '5', '10', '45', '3', '11101100100001010010111');
INSERT INTO `seat` VALUES ('4140', '5', '10', '46', '1', '00000000000000000000000');
INSERT INTO `seat` VALUES ('4141', '5', '10', '47', '1', '00000000000000000000000');
INSERT INTO `seat` VALUES ('4142', '5', '10', '48', '3', '11101100100001010010111');
INSERT INTO `seat` VALUES ('4143', '5', '10', '49', '4', '10000000100001010000110');
INSERT INTO `seat` VALUES ('4144', '5', '10', '50', '3', '11101100100001010010111');
INSERT INTO `seat` VALUES ('4145', '5', '11', '20', '4', '10000000100001010000110');
INSERT INTO `seat` VALUES ('4146', '5', '11', '21', '3', '11101100100001010110111');
INSERT INTO `seat` VALUES ('4147', '5', '11', '22', '3', '11101110100001010110111');
INSERT INTO `seat` VALUES ('4148', '5', '11', '23', '4', '10000000100001010000110');
INSERT INTO `seat` VALUES ('4149', '5', '11', '24', '4', '10000100100001010000110');
INSERT INTO `seat` VALUES ('4150', '5', '11', '25', '4', '11000100100001010000110');
INSERT INTO `seat` VALUES ('4151', '5', '11', '26', '4', '11000100100001010000110');
INSERT INTO `seat` VALUES ('4152', '5', '11', '27', '3', '11101110100011010110111');
INSERT INTO `seat` VALUES ('4153', '5', '11', '28', '3', '11101110100011010110111');
INSERT INTO `seat` VALUES ('4154', '5', '11', '29', '3', '11101110100011010110111');
INSERT INTO `seat` VALUES ('4155', '5', '11', '30', '3', '11101110100111010110111');
INSERT INTO `seat` VALUES ('4156', '5', '11', '31', '2', '00000000000001010000000');
INSERT INTO `seat` VALUES ('4157', '5', '11', '32', '3', '11101110100111010110111');
INSERT INTO `seat` VALUES ('4158', '5', '11', '33', '3', '11101110100111010110111');
INSERT INTO `seat` VALUES ('4159', '5', '11', '34', '4', '11000100100001010000110');
INSERT INTO `seat` VALUES ('4160', '5', '11', '35', '3', '11101110110111111110111');
INSERT INTO `seat` VALUES ('4161', '5', '11', '36', '3', '11101110110111111110111');
INSERT INTO `seat` VALUES ('4162', '5', '11', '37', '2', '00000100000001010000000');
INSERT INTO `seat` VALUES ('4163', '5', '11', '38', '3', '11101110110111111110111');
INSERT INTO `seat` VALUES ('4164', '5', '11', '39', '1', '00000000000000000000000');
INSERT INTO `seat` VALUES ('4165', '5', '11', '40', '4', '11000100100001010000110');
INSERT INTO `seat` VALUES ('4166', '5', '11', '41', '2', '00000100000001010000000');
INSERT INTO `seat` VALUES ('4167', '5', '11', '42', '2', '00100100000001010000000');
INSERT INTO `seat` VALUES ('4168', '5', '11', '43', '2', '00100100000011010000000');
INSERT INTO `seat` VALUES ('4169', '5', '11', '44', '4', '11000100100011010100110');
INSERT INTO `seat` VALUES ('4170', '5', '11', '45', '3', '11101110110111111110111');
INSERT INTO `seat` VALUES ('4171', '5', '11', '46', '2', '00100100000011010000000');
INSERT INTO `seat` VALUES ('4172', '5', '11', '47', '2', '00100110000011010000010');
INSERT INTO `seat` VALUES ('4173', '5', '11', '48', '4', '11100100100011010100110');
INSERT INTO `seat` VALUES ('4174', '5', '11', '49', '2', '00100110000011010000010');
INSERT INTO `seat` VALUES ('4175', '5', '11', '50', '2', '00100110000011010000010');
INSERT INTO `seat` VALUES ('4176', '5', '12', '20', '3', '11101110110111111110111');
INSERT INTO `seat` VALUES ('4177', '5', '12', '21', '2', '00100110000011010000010');
INSERT INTO `seat` VALUES ('4178', '5', '12', '22', '1', '00000000000000000000000');
INSERT INTO `seat` VALUES ('4179', '5', '12', '23', '2', '00100110000011010000010');
INSERT INTO `seat` VALUES ('4180', '5', '12', '24', '2', '01100110000011010000010');
INSERT INTO `seat` VALUES ('4181', '5', '12', '25', '3', '11101110110111111110111');
INSERT INTO `seat` VALUES ('4182', '5', '12', '26', '3', '11101110110111111110111');
INSERT INTO `seat` VALUES ('4183', '5', '12', '27', '2', '01100110000111010000010');
INSERT INTO `seat` VALUES ('4184', '5', '12', '28', '4', '11100100100011110100110');
INSERT INTO `seat` VALUES ('4185', '5', '12', '29', '2', '01100110000111010100110');
INSERT INTO `seat` VALUES ('4186', '5', '12', '30', '2', '01100110110111010100111');
INSERT INTO `seat` VALUES ('4187', '5', '12', '31', '4', '11100100110011110100110');
INSERT INTO `seat` VALUES ('4188', '5', '12', '32', '3', '11101110110111111111111');
INSERT INTO `seat` VALUES ('4189', '5', '12', '33', '4', '11100100110011110100110');
INSERT INTO `seat` VALUES ('4190', '5', '12', '34', '1', '00000000000000000000000');
INSERT INTO `seat` VALUES ('4191', '5', '12', '35', '4', '11100100110011110100110');
INSERT INTO `seat` VALUES ('4192', '5', '12', '36', '3', '11101110110111111111111');
INSERT INTO `seat` VALUES ('4193', '5', '12', '37', '4', '11101100110111110100110');
INSERT INTO `seat` VALUES ('4194', '5', '12', '38', '4', '11101100110111110100110');
INSERT INTO `seat` VALUES ('4195', '5', '12', '39', '3', '11101110110111111111111');
INSERT INTO `seat` VALUES ('4196', '5', '12', '40', '1', '00000000000000000000000');
INSERT INTO `seat` VALUES ('4197', '5', '12', '41', '1', '00000000000000000000000');
INSERT INTO `seat` VALUES ('4198', '5', '12', '42', '4', '11101100110111110100111');
INSERT INTO `seat` VALUES ('4199', '5', '12', '43', '1', '00000000000000000000000');
INSERT INTO `seat` VALUES ('4200', '5', '12', '44', '4', '11101100110111110100111');
INSERT INTO `seat` VALUES ('4201', '5', '12', '45', '4', '11101100110111110100111');
INSERT INTO `seat` VALUES ('4202', '5', '12', '46', '3', '11101110110111111111111');
INSERT INTO `seat` VALUES ('4203', '5', '12', '47', '4', '11101100110111111110111');
INSERT INTO `seat` VALUES ('4204', '5', '12', '48', '4', '11101100110111111110111');
INSERT INTO `seat` VALUES ('4205', '5', '12', '49', '3', '11101110110111111111111');
INSERT INTO `seat` VALUES ('4206', '5', '12', '50', '1', '00000000000000000000000');
INSERT INTO `seat` VALUES ('4207', '5', '13', '20', '2', '01100110110111010100111');
INSERT INTO `seat` VALUES ('4208', '5', '13', '21', '3', '11101110111111111111111');
INSERT INTO `seat` VALUES ('4209', '5', '13', '22', '2', '01100110110111010100111');
INSERT INTO `seat` VALUES ('4210', '5', '13', '23', '2', '01100110110111010100111');
INSERT INTO `seat` VALUES ('4211', '5', '13', '24', '4', '11101110110111111110111');
INSERT INTO `seat` VALUES ('4212', '5', '13', '25', '1', '00000000000000000000000');
INSERT INTO `seat` VALUES ('4213', '5', '13', '26', '1', '00000000000000000000000');
INSERT INTO `seat` VALUES ('4214', '5', '13', '27', '1', '00000000100000000000000');
INSERT INTO `seat` VALUES ('4215', '5', '13', '28', '1', '01000000100000000000000');
INSERT INTO `seat` VALUES ('4216', '5', '13', '29', '1', '01000000100010000000000');
INSERT INTO `seat` VALUES ('4217', '5', '13', '30', '3', '11101110111111111111111');
INSERT INTO `seat` VALUES ('4218', '5', '13', '31', '3', '11111110111111111111111');
INSERT INTO `seat` VALUES ('4219', '5', '13', '32', '1', '01000000100011000000001');
INSERT INTO `seat` VALUES ('4220', '5', '13', '33', '2', '01100110110111110100111');
INSERT INTO `seat` VALUES ('4221', '5', '13', '34', '3', '11111110111111111111111');
INSERT INTO `seat` VALUES ('4222', '5', '13', '35', '3', '11111110111111111111111');
INSERT INTO `seat` VALUES ('4223', '5', '13', '36', '3', '11111110111111111111111');
INSERT INTO `seat` VALUES ('4224', '5', '13', '37', '3', '11111110111111111111111');
INSERT INTO `seat` VALUES ('4225', '5', '13', '38', '2', '01100110110111110110111');
INSERT INTO `seat` VALUES ('4226', '5', '13', '39', '4', '11101110110111111110111');
INSERT INTO `seat` VALUES ('4227', '5', '13', '40', '2', '01100110110111111110111');
INSERT INTO `seat` VALUES ('4228', '5', '13', '41', '3', '11111110111111111111111');
INSERT INTO `seat` VALUES ('4229', '5', '13', '42', '3', '11111110111111111111111');
INSERT INTO `seat` VALUES ('4230', '5', '13', '43', '4', '11111110110111111110111');
INSERT INTO `seat` VALUES ('4231', '5', '13', '44', '4', '11111110110111111110111');
INSERT INTO `seat` VALUES ('4232', '5', '13', '45', '3', '11111110111111111111111');
INSERT INTO `seat` VALUES ('4233', '5', '13', '46', '1', '01000000100011000100001');
INSERT INTO `seat` VALUES ('4234', '5', '13', '47', '2', '01100110110111111110111');
INSERT INTO `seat` VALUES ('4235', '5', '13', '48', '3', '11111111111111111111111');
INSERT INTO `seat` VALUES ('4236', '5', '13', '49', '2', '01101110110111111110111');
INSERT INTO `seat` VALUES ('4237', '5', '13', '50', '3', '11111111111111111111111');
INSERT INTO `seat` VALUES ('4238', '5', '14', '20', '1', '01000000100011010100001');
INSERT INTO `seat` VALUES ('4239', '5', '14', '21', '3', '11111111111111111111111');
INSERT INTO `seat` VALUES ('4240', '5', '14', '22', '1', '01000000100011010100001');
INSERT INTO `seat` VALUES ('4241', '5', '14', '23', '2', '01101110110111111110111');
INSERT INTO `seat` VALUES ('4242', '5', '14', '24', '2', '11101110110111111110111');
INSERT INTO `seat` VALUES ('4243', '5', '14', '25', '4', '11111110110111111110111');
INSERT INTO `seat` VALUES ('4244', '5', '14', '26', '1', '01000000100011010100001');
INSERT INTO `seat` VALUES ('4245', '5', '14', '27', '3', '11111111111111111111111');
INSERT INTO `seat` VALUES ('4246', '5', '14', '28', '2', '11101110110111111110111');
INSERT INTO `seat` VALUES ('4247', '5', '14', '29', '3', '11111111111111111111111');
INSERT INTO `seat` VALUES ('4248', '5', '14', '30', '1', '01000100100011010100001');
INSERT INTO `seat` VALUES ('4249', '5', '14', '31', '3', '11111111111111111111111');
INSERT INTO `seat` VALUES ('4250', '5', '14', '32', '3', '11111111111111111111111');
INSERT INTO `seat` VALUES ('4251', '5', '14', '33', '2', '11101110110111111110111');
INSERT INTO `seat` VALUES ('4252', '5', '14', '34', '4', '11111110110111111110111');
INSERT INTO `seat` VALUES ('4253', '5', '14', '35', '4', '11111110110111111110111');
INSERT INTO `seat` VALUES ('4254', '5', '14', '36', '1', '01000100100011010100011');
INSERT INTO `seat` VALUES ('4255', '5', '14', '37', '4', '11111110110111111110111');
INSERT INTO `seat` VALUES ('4256', '5', '14', '38', '1', '01000100100011010100011');
INSERT INTO `seat` VALUES ('4257', '5', '14', '39', '2', '11101110110111111110111');
INSERT INTO `seat` VALUES ('4258', '5', '14', '40', '1', '01000100100011010100011');
INSERT INTO `seat` VALUES ('4259', '5', '14', '41', '1', '01000100100011010100011');
INSERT INTO `seat` VALUES ('4260', '5', '14', '42', '3', '11111111111111111111111');
INSERT INTO `seat` VALUES ('4261', '5', '14', '43', '2', '11101110110111111110111');
INSERT INTO `seat` VALUES ('4262', '5', '14', '44', '1', '01000100100011010100011');
INSERT INTO `seat` VALUES ('4263', '5', '14', '45', '4', '11111110110111111110111');
INSERT INTO `seat` VALUES ('4264', '5', '14', '46', '1', '01000110100011010110011');
INSERT INTO `seat` VALUES ('4265', '5', '14', '47', '2', '11101110110111111110111');
INSERT INTO `seat` VALUES ('4266', '5', '14', '48', '1', '01000110100011011110111');
INSERT INTO `seat` VALUES ('4267', '5', '14', '49', '4', '11111110110111111110111');
INSERT INTO `seat` VALUES ('4268', '5', '14', '50', '2', '11101110110111111110111');
INSERT INTO `seat` VALUES ('4269', '5', '15', '20', '4', '11111110110111111110111');
INSERT INTO `seat` VALUES ('4270', '5', '15', '21', '2', '11101110110111111110111');
INSERT INTO `seat` VALUES ('4271', '5', '15', '22', '2', '11111111110111111110111');
INSERT INTO `seat` VALUES ('4272', '5', '15', '23', '3', '11111111111111111111111');
INSERT INTO `seat` VALUES ('4273', '5', '15', '24', '1', '01000110100111011110111');
INSERT INTO `seat` VALUES ('4274', '5', '15', '25', '4', '11111110110111111110111');
INSERT INTO `seat` VALUES ('4275', '5', '15', '26', '1', '01000110100111011110111');
INSERT INTO `seat` VALUES ('4276', '5', '15', '27', '2', '11111111111111111110111');
INSERT INTO `seat` VALUES ('4277', '5', '15', '28', '3', '11111111111111111111111');
INSERT INTO `seat` VALUES ('4278', '5', '15', '29', '3', '11111111111111111111111');
INSERT INTO `seat` VALUES ('4279', '5', '15', '30', '2', '11111111111111111110111');
INSERT INTO `seat` VALUES ('4280', '5', '15', '31', '2', '11111111111111111110111');
INSERT INTO `seat` VALUES ('4281', '5', '15', '32', '2', '11111111111111111110111');
INSERT INTO `seat` VALUES ('4282', '5', '15', '33', '4', '11111110110111111110111');
INSERT INTO `seat` VALUES ('4283', '5', '15', '34', '1', '01000111100111011110111');
INSERT INTO `seat` VALUES ('4284', '5', '15', '35', '4', '11111110110111111110111');
INSERT INTO `seat` VALUES ('4285', '5', '15', '36', '4', '11111110110111111110111');
INSERT INTO `seat` VALUES ('4286', '5', '15', '37', '3', '11111111111111111111111');
INSERT INTO `seat` VALUES ('4287', '5', '15', '38', '2', '11111111111111111110111');
INSERT INTO `seat` VALUES ('4288', '5', '15', '39', '1', '01100111110111011110111');
INSERT INTO `seat` VALUES ('4289', '5', '15', '40', '1', '01100111110111011110111');
INSERT INTO `seat` VALUES ('4290', '5', '15', '41', '2', '11111111111111111111111');
INSERT INTO `seat` VALUES ('4291', '5', '15', '42', '4', '11111110110111111110111');
INSERT INTO `seat` VALUES ('4292', '5', '15', '43', '2', '11111111111111111111111');
INSERT INTO `seat` VALUES ('4293', '5', '15', '44', '4', '11111110110111111110111');
INSERT INTO `seat` VALUES ('4294', '5', '15', '45', '3', '11111111111111111111111');
INSERT INTO `seat` VALUES ('4295', '5', '15', '46', '2', '11111111111111111111111');
INSERT INTO `seat` VALUES ('4296', '5', '15', '47', '4', '11111110110111111110111');
INSERT INTO `seat` VALUES ('4297', '5', '15', '48', '1', '01100111110111011110111');
INSERT INTO `seat` VALUES ('4298', '5', '15', '49', '2', '11111111111111111111111');
INSERT INTO `seat` VALUES ('4299', '5', '15', '50', '3', '11111111111111111111111');
INSERT INTO `seat` VALUES ('4300', '5', '16', '20', '4', '11111110110111111110111');
INSERT INTO `seat` VALUES ('4301', '5', '16', '21', '4', '11111110110111111110111');
INSERT INTO `seat` VALUES ('4302', '5', '16', '22', '4', '11111110110111111111111');
INSERT INTO `seat` VALUES ('4303', '5', '16', '23', '1', '01100111110111011110111');
INSERT INTO `seat` VALUES ('4304', '5', '16', '24', '4', '11111110110111111111111');
INSERT INTO `seat` VALUES ('4305', '5', '16', '25', '1', '01100111110111111110111');
INSERT INTO `seat` VALUES ('4306', '5', '16', '26', '2', '11111111111111111111111');
INSERT INTO `seat` VALUES ('4307', '5', '16', '27', '4', '11111110110111111111111');
INSERT INTO `seat` VALUES ('4308', '5', '16', '28', '3', '11111111111111111111111');
INSERT INTO `seat` VALUES ('4309', '5', '16', '29', '1', '01110111110111111110111');
INSERT INTO `seat` VALUES ('4310', '5', '16', '30', '3', '11111111111111111111111');
INSERT INTO `seat` VALUES ('4311', '5', '16', '31', '1', '01110111110111111110111');
INSERT INTO `seat` VALUES ('4312', '5', '16', '32', '3', '11111111111111111111111');
INSERT INTO `seat` VALUES ('4313', '5', '16', '33', '1', '01110111110111111110111');
INSERT INTO `seat` VALUES ('4314', '5', '16', '34', '2', '11111111111111111111111');
INSERT INTO `seat` VALUES ('4315', '5', '16', '35', '3', '11111111111111111111111');
INSERT INTO `seat` VALUES ('4316', '5', '16', '36', '3', '11111111111111111111111');
INSERT INTO `seat` VALUES ('4317', '5', '16', '37', '4', '11111110110111111111111');
INSERT INTO `seat` VALUES ('4318', '5', '16', '38', '4', '11111110110111111111111');
INSERT INTO `seat` VALUES ('4319', '5', '16', '39', '2', '11111111111111111111111');
INSERT INTO `seat` VALUES ('4320', '5', '16', '40', '3', '11111111111111111111111');
INSERT INTO `seat` VALUES ('4321', '5', '16', '41', '1', '01110111111111111111111');
INSERT INTO `seat` VALUES ('4322', '5', '16', '42', '1', '11111111111111111111111');
INSERT INTO `seat` VALUES ('4323', '5', '16', '43', '4', '11111110110111111111111');
INSERT INTO `seat` VALUES ('4324', '5', '16', '44', '3', '11111111111111111111111');
INSERT INTO `seat` VALUES ('4325', '5', '16', '45', '4', '11111111110111111111111');
INSERT INTO `seat` VALUES ('4326', '5', '16', '46', '4', '11111111111111111111111');
INSERT INTO `seat` VALUES ('4327', '5', '16', '47', '2', '11111111111111111111111');
INSERT INTO `seat` VALUES ('4328', '5', '16', '48', '3', '11111111111111111111111');
INSERT INTO `seat` VALUES ('4329', '5', '16', '49', '2', '11111111111111111111111');
INSERT INTO `seat` VALUES ('4330', '5', '16', '50', '4', '11111111111111111111111');
INSERT INTO `seat` VALUES ('4331', '5', '17', '20', '4', '11111111111111111111111');
INSERT INTO `seat` VALUES ('4332', '5', '17', '21', '1', '11111111111111111111111');
INSERT INTO `seat` VALUES ('4333', '5', '17', '22', '2', '11111111111111111111111');
INSERT INTO `seat` VALUES ('4334', '5', '17', '23', '1', '11111111111111111111111');
INSERT INTO `seat` VALUES ('4335', '5', '17', '24', '3', '11111111111111111111111');
INSERT INTO `seat` VALUES ('4336', '5', '17', '25', '2', '11111111111111111111111');
INSERT INTO `seat` VALUES ('4337', '5', '17', '26', '3', '11111111111111111111111');
INSERT INTO `seat` VALUES ('4338', '5', '17', '27', '4', '11111111111111111111111');
INSERT INTO `seat` VALUES ('4339', '5', '17', '28', '1', '11111111111111111111111');
INSERT INTO `seat` VALUES ('4340', '5', '17', '29', '1', '11111111111111111111111');
INSERT INTO `seat` VALUES ('4341', '5', '17', '30', '1', '11111111111111111111111');
INSERT INTO `seat` VALUES ('4342', '5', '17', '31', '1', '11111111111111111111111');
INSERT INTO `seat` VALUES ('4343', '5', '17', '32', '3', '11111111111111111111111');
INSERT INTO `seat` VALUES ('4344', '5', '17', '33', '2', '11111111111111111111111');
INSERT INTO `seat` VALUES ('4345', '5', '17', '34', '1', '11111111111111111111111');
INSERT INTO `seat` VALUES ('4346', '5', '17', '35', '3', '11111111111111111111111');
INSERT INTO `seat` VALUES ('4347', '5', '17', '36', '1', '11111111111111111111111');
INSERT INTO `seat` VALUES ('4348', '5', '17', '37', '1', '11111111111111111111111');
INSERT INTO `seat` VALUES ('4349', '5', '17', '38', '4', '11111111111111111111111');
INSERT INTO `seat` VALUES ('4350', '5', '17', '39', '2', '11111111111111111111111');
INSERT INTO `seat` VALUES ('4351', '5', '17', '40', '2', '11111111111111111111111');
INSERT INTO `seat` VALUES ('4352', '5', '17', '41', '2', '11111111111111111111111');
INSERT INTO `seat` VALUES ('4353', '5', '17', '42', '1', '11111111111111111111111');
INSERT INTO `seat` VALUES ('4354', '5', '17', '43', '1', '11111111111111111111111');
INSERT INTO `seat` VALUES ('4355', '5', '17', '44', '2', '11111111111111111111111');
INSERT INTO `seat` VALUES ('4356', '5', '17', '45', '1', '11111111111111111111111');
INSERT INTO `seat` VALUES ('4357', '5', '17', '46', '3', '11111111111111111111111');
INSERT INTO `seat` VALUES ('4358', '5', '17', '47', '3', '11111111111111111111111');
INSERT INTO `seat` VALUES ('4359', '5', '17', '48', '2', '11111111111111111111111');
INSERT INTO `seat` VALUES ('4360', '5', '17', '49', '3', '11111111111111111111111');
INSERT INTO `seat` VALUES ('4361', '5', '17', '50', '4', '11111111111111111111111');
INSERT INTO `seat` VALUES ('4362', '5', '18', '20', '2', '11111111111111111111111');
INSERT INTO `seat` VALUES ('4363', '5', '18', '21', '2', '11111111111111111111111');
INSERT INTO `seat` VALUES ('4364', '5', '18', '22', '4', '11111111111111111111111');
INSERT INTO `seat` VALUES ('4365', '5', '18', '23', '2', '11111111111111111111111');
INSERT INTO `seat` VALUES ('4366', '5', '18', '24', '1', '11111111111111111111111');
INSERT INTO `seat` VALUES ('4367', '5', '18', '25', '1', '11111111111111111111111');
INSERT INTO `seat` VALUES ('4368', '5', '18', '26', '2', '11111111111111111111111');
INSERT INTO `seat` VALUES ('4369', '5', '18', '27', '1', '11111111111111111111111');
INSERT INTO `seat` VALUES ('4370', '5', '18', '28', '3', '11111111111111111111111');
INSERT INTO `seat` VALUES ('4371', '5', '18', '29', '4', '11111111111111111111111');
INSERT INTO `seat` VALUES ('4372', '5', '18', '30', '1', '11111111111111111111111');
INSERT INTO `seat` VALUES ('4373', '5', '18', '31', '3', '11111111111111111111111');
INSERT INTO `seat` VALUES ('4374', '5', '18', '32', '4', '11111111111111111111111');
INSERT INTO `seat` VALUES ('4375', '5', '18', '33', '1', '11111111111111111111111');
INSERT INTO `seat` VALUES ('4376', '5', '18', '34', '4', '11111111111111111111111');
INSERT INTO `seat` VALUES ('4377', '5', '18', '35', '4', '11111111111111111111111');
INSERT INTO `seat` VALUES ('4378', '5', '18', '36', '2', '11111111111111111111111');
INSERT INTO `seat` VALUES ('4379', '5', '18', '37', '3', '11111111111111111111111');
INSERT INTO `seat` VALUES ('4380', '5', '18', '38', '4', '11111111111111111111111');
INSERT INTO `seat` VALUES ('4381', '5', '18', '39', '4', '11111111111111111111111');
INSERT INTO `seat` VALUES ('4382', '5', '18', '40', '1', '11111111111111111111111');
INSERT INTO `seat` VALUES ('4383', '5', '18', '41', '4', '11111111111111111111111');
INSERT INTO `seat` VALUES ('4384', '5', '18', '42', '3', '11111111111111111111111');
INSERT INTO `seat` VALUES ('4385', '5', '18', '43', '1', '11111111111111111111111');
INSERT INTO `seat` VALUES ('4386', '5', '18', '44', '4', '11111111111111111111111');
INSERT INTO `seat` VALUES ('4387', '5', '18', '45', '1', '11111111111111111111111');
INSERT INTO `seat` VALUES ('4388', '5', '18', '46', '1', '11111111111111111111111');
INSERT INTO `seat` VALUES ('4389', '5', '18', '47', '4', '11111111111111111111111');
INSERT INTO `seat` VALUES ('4390', '5', '18', '48', '1', '11111111111111111111111');
INSERT INTO `seat` VALUES ('4391', '5', '18', '49', '3', '11111111111111111111111');
INSERT INTO `seat` VALUES ('4392', '5', '18', '50', '3', '11111111111111111111111');
INSERT INTO `seat` VALUES ('4393', '6', '1', '20', '1', '000000000000000000000000');
INSERT INTO `seat` VALUES ('4394', '6', '1', '21', '4', '000000000000000000000000');
INSERT INTO `seat` VALUES ('4395', '6', '1', '22', '1', '000000000000000000000000');
INSERT INTO `seat` VALUES ('4396', '6', '1', '23', '4', '000000000000000000000000');
INSERT INTO `seat` VALUES ('4397', '6', '1', '24', '4', '000000000000000000000000');
INSERT INTO `seat` VALUES ('4398', '6', '1', '25', '3', '000000000000000000000000');
INSERT INTO `seat` VALUES ('4399', '6', '1', '26', '2', '000000000000000000000000');
INSERT INTO `seat` VALUES ('4400', '6', '1', '27', '1', '000000000000000000000000');
INSERT INTO `seat` VALUES ('4401', '6', '1', '28', '2', '000000000000000000000000');
INSERT INTO `seat` VALUES ('4402', '6', '1', '29', '3', '000000000000000000000000');
INSERT INTO `seat` VALUES ('4403', '6', '1', '30', '2', '000000000000000000000000');
INSERT INTO `seat` VALUES ('4404', '6', '1', '31', '1', '000000000000000000000000');
INSERT INTO `seat` VALUES ('4405', '6', '1', '32', '4', '000000000000000000000000');
INSERT INTO `seat` VALUES ('4406', '6', '1', '33', '1', '000000000000000000000000');
INSERT INTO `seat` VALUES ('4407', '6', '1', '34', '3', '000000000000000000000000');
INSERT INTO `seat` VALUES ('4408', '6', '1', '35', '3', '000000000000000000000000');
INSERT INTO `seat` VALUES ('4409', '6', '1', '36', '3', '000000000000000000000000');
INSERT INTO `seat` VALUES ('4410', '6', '1', '37', '1', '000000000000000000000000');
INSERT INTO `seat` VALUES ('4411', '6', '1', '38', '4', '000000000000000000000000');
INSERT INTO `seat` VALUES ('4412', '6', '1', '39', '3', '000000000000000000000000');
INSERT INTO `seat` VALUES ('4413', '6', '1', '40', '4', '000000000000000000000000');
INSERT INTO `seat` VALUES ('4414', '6', '1', '41', '2', '000000000000000000000000');
INSERT INTO `seat` VALUES ('4415', '6', '1', '42', '4', '000000000000000000000000');
INSERT INTO `seat` VALUES ('4416', '6', '1', '43', '3', '000000000000000000000000');
INSERT INTO `seat` VALUES ('4417', '6', '1', '44', '1', '000000000000000000000000');
INSERT INTO `seat` VALUES ('4418', '6', '1', '45', '4', '000000000000000000000000');
INSERT INTO `seat` VALUES ('4419', '6', '1', '46', '2', '000000000000000000000000');
INSERT INTO `seat` VALUES ('4420', '6', '1', '47', '2', '000000000000000000000000');
INSERT INTO `seat` VALUES ('4421', '6', '1', '48', '1', '000000000000000000000000');
INSERT INTO `seat` VALUES ('4422', '6', '1', '49', '1', '000000000000000000000000');
INSERT INTO `seat` VALUES ('4423', '6', '1', '50', '3', '000000000000000000000000');
INSERT INTO `seat` VALUES ('4424', '6', '2', '20', '4', '000000000000000000000000');
INSERT INTO `seat` VALUES ('4425', '6', '2', '21', '3', '000000000000000000000000');
INSERT INTO `seat` VALUES ('4426', '6', '2', '22', '1', '000000000000000000000000');
INSERT INTO `seat` VALUES ('4427', '6', '2', '23', '1', '000000000000000000000000');
INSERT INTO `seat` VALUES ('4428', '6', '2', '24', '4', '000000000000000000000000');
INSERT INTO `seat` VALUES ('4429', '6', '2', '25', '2', '000000000000000000000000');
INSERT INTO `seat` VALUES ('4430', '6', '2', '26', '3', '000000000000000000000000');
INSERT INTO `seat` VALUES ('4431', '6', '2', '27', '3', '000000000000000000000000');
INSERT INTO `seat` VALUES ('4432', '6', '2', '28', '4', '000000000000000000000000');
INSERT INTO `seat` VALUES ('4433', '6', '2', '29', '2', '000000000000000000000000');
INSERT INTO `seat` VALUES ('4434', '6', '2', '30', '1', '000000000000000000000000');
INSERT INTO `seat` VALUES ('4435', '6', '2', '31', '1', '000000000000000000000000');
INSERT INTO `seat` VALUES ('4436', '6', '2', '32', '3', '000000000000000000000000');
INSERT INTO `seat` VALUES ('4437', '6', '2', '33', '2', '000000000000000000000000');
INSERT INTO `seat` VALUES ('4438', '6', '2', '34', '3', '000000000000000000000000');
INSERT INTO `seat` VALUES ('4439', '6', '2', '35', '4', '000000000000000000000000');
INSERT INTO `seat` VALUES ('4440', '6', '2', '36', '1', '000000000000000000000000');
INSERT INTO `seat` VALUES ('4441', '6', '2', '37', '1', '000000000000000000000000');
INSERT INTO `seat` VALUES ('4442', '6', '2', '38', '3', '000000000000000000000000');
INSERT INTO `seat` VALUES ('4443', '6', '2', '39', '4', '000000000000000000000000');
INSERT INTO `seat` VALUES ('4444', '6', '2', '40', '2', '000000000000000000000000');
INSERT INTO `seat` VALUES ('4445', '6', '2', '41', '2', '000000000000000000000000');
INSERT INTO `seat` VALUES ('4446', '6', '2', '42', '2', '000000000000000000000000');
INSERT INTO `seat` VALUES ('4447', '6', '2', '43', '1', '000000000000000000000000');
INSERT INTO `seat` VALUES ('4448', '6', '2', '44', '1', '000000000000000000000000');
INSERT INTO `seat` VALUES ('4449', '6', '2', '45', '2', '000000000000000000000000');
INSERT INTO `seat` VALUES ('4450', '6', '2', '46', '4', '000000000000000000000000');
INSERT INTO `seat` VALUES ('4451', '6', '2', '47', '3', '000000000000000000000000');
INSERT INTO `seat` VALUES ('4452', '6', '2', '48', '3', '000000000000000000000000');
INSERT INTO `seat` VALUES ('4453', '6', '2', '49', '1', '000000000000000000000000');
INSERT INTO `seat` VALUES ('4454', '6', '2', '50', '1', '000000000000000000000000');
INSERT INTO `seat` VALUES ('4455', '6', '3', '20', '3', '000000000000000000000000');
INSERT INTO `seat` VALUES ('4456', '6', '3', '21', '1', '000000000000000000000000');
INSERT INTO `seat` VALUES ('4457', '6', '3', '22', '3', '000000000000000000000000');
INSERT INTO `seat` VALUES ('4458', '6', '3', '23', '4', '000000000000000000000000');
INSERT INTO `seat` VALUES ('4459', '6', '3', '24', '2', '000000000000000000000000');
INSERT INTO `seat` VALUES ('4460', '6', '3', '25', '3', '000000000000000000000000');
INSERT INTO `seat` VALUES ('4461', '6', '3', '26', '1', '000000000000000000000000');
INSERT INTO `seat` VALUES ('4462', '6', '3', '27', '3', '000000000000000000000000');
INSERT INTO `seat` VALUES ('4463', '6', '3', '28', '3', '000000000000000000000000');
INSERT INTO `seat` VALUES ('4464', '6', '3', '29', '4', '000000000000000000000000');
INSERT INTO `seat` VALUES ('4465', '6', '3', '30', '2', '000000000000000000000000');
INSERT INTO `seat` VALUES ('4466', '6', '3', '31', '2', '000000000000000000000000');
INSERT INTO `seat` VALUES ('4467', '6', '3', '32', '3', '000000000000000000000000');
INSERT INTO `seat` VALUES ('4468', '6', '3', '33', '3', '000000000000000000000000');
INSERT INTO `seat` VALUES ('4469', '6', '3', '34', '4', '000000000000000000000000');
INSERT INTO `seat` VALUES ('4470', '6', '3', '35', '2', '000000000000000000000000');
INSERT INTO `seat` VALUES ('4471', '6', '3', '36', '1', '000000000000000000000000');
INSERT INTO `seat` VALUES ('4472', '6', '3', '37', '2', '000000000000000000000000');
INSERT INTO `seat` VALUES ('4473', '6', '3', '38', '2', '000000000000000000000000');
INSERT INTO `seat` VALUES ('4474', '6', '3', '39', '4', '000000000000000000000000');
INSERT INTO `seat` VALUES ('4475', '6', '3', '40', '4', '000000000000000000000000');
INSERT INTO `seat` VALUES ('4476', '6', '3', '41', '3', '000000000000000000000000');
INSERT INTO `seat` VALUES ('4477', '6', '3', '42', '1', '000000000000000000000000');
INSERT INTO `seat` VALUES ('4478', '6', '3', '43', '3', '000000000000000000000000');
INSERT INTO `seat` VALUES ('4479', '6', '3', '44', '1', '000000000000000000000000');
INSERT INTO `seat` VALUES ('4480', '6', '3', '45', '4', '000000000000000000000000');
INSERT INTO `seat` VALUES ('4481', '6', '3', '46', '4', '000000000000000000000000');
INSERT INTO `seat` VALUES ('4482', '6', '3', '47', '1', '000000000000000000000000');
INSERT INTO `seat` VALUES ('4483', '6', '3', '48', '3', '000000000000000000000000');
INSERT INTO `seat` VALUES ('4484', '6', '3', '49', '4', '000000000000000000000000');
INSERT INTO `seat` VALUES ('4485', '6', '3', '50', '3', '000000000000000000000000');
INSERT INTO `seat` VALUES ('4486', '6', '4', '20', '2', '000000000000000000000000');
INSERT INTO `seat` VALUES ('4487', '6', '4', '21', '3', '000000000000000000000000');
INSERT INTO `seat` VALUES ('4488', '6', '4', '22', '2', '000000000000000000000000');
INSERT INTO `seat` VALUES ('4489', '6', '4', '23', '4', '000000000000000000000000');
INSERT INTO `seat` VALUES ('4490', '6', '4', '24', '1', '000000000000000000000000');
INSERT INTO `seat` VALUES ('4491', '6', '4', '25', '2', '000000000000000000000000');
INSERT INTO `seat` VALUES ('4492', '6', '4', '26', '3', '000000000000000000000000');
INSERT INTO `seat` VALUES ('4493', '6', '4', '27', '2', '000000000000000000000000');
INSERT INTO `seat` VALUES ('4494', '6', '4', '28', '1', '000000000000000000000000');
INSERT INTO `seat` VALUES ('4495', '6', '4', '29', '4', '000000000000000000000000');
INSERT INTO `seat` VALUES ('4496', '6', '4', '30', '2', '000000000000000000000000');
INSERT INTO `seat` VALUES ('4497', '6', '4', '31', '4', '000000000000000000000000');
INSERT INTO `seat` VALUES ('4498', '6', '4', '32', '1', '000000000000000000000000');
INSERT INTO `seat` VALUES ('4499', '6', '4', '33', '3', '000000000000000000000000');
INSERT INTO `seat` VALUES ('4500', '6', '4', '34', '4', '000000000000000000000000');
INSERT INTO `seat` VALUES ('4501', '6', '4', '35', '3', '000000000000000000000000');
INSERT INTO `seat` VALUES ('4502', '6', '4', '36', '3', '000000000000000000000000');
INSERT INTO `seat` VALUES ('4503', '6', '4', '37', '3', '000000000000000000000000');
INSERT INTO `seat` VALUES ('4504', '6', '4', '38', '4', '000000000000000000000000');
INSERT INTO `seat` VALUES ('4505', '6', '4', '39', '2', '000000000000000000000000');
INSERT INTO `seat` VALUES ('4506', '6', '4', '40', '3', '000000000000000000000000');
INSERT INTO `seat` VALUES ('4507', '6', '4', '41', '2', '000000000000000000000000');
INSERT INTO `seat` VALUES ('4508', '6', '4', '42', '1', '000000000000000000000000');
INSERT INTO `seat` VALUES ('4509', '6', '4', '43', '4', '000000000000000000000000');
INSERT INTO `seat` VALUES ('4510', '6', '4', '44', '1', '000000000000000000000000');
INSERT INTO `seat` VALUES ('4511', '6', '4', '45', '4', '000000000000000000000000');
INSERT INTO `seat` VALUES ('4512', '6', '4', '46', '4', '000000000000000000000000');
INSERT INTO `seat` VALUES ('4513', '6', '4', '47', '2', '000000000000000000000000');
INSERT INTO `seat` VALUES ('4514', '6', '4', '48', '4', '000000000000000000000000');
INSERT INTO `seat` VALUES ('4515', '6', '4', '49', '2', '000000000000000000000000');
INSERT INTO `seat` VALUES ('4516', '6', '4', '50', '1', '000000000000000000000000');
INSERT INTO `seat` VALUES ('4517', '6', '5', '20', '2', '000000000000000000000000');
INSERT INTO `seat` VALUES ('4518', '6', '5', '21', '3', '000000000000000000000000');
INSERT INTO `seat` VALUES ('4519', '6', '5', '22', '3', '000000000000000000000000');
INSERT INTO `seat` VALUES ('4520', '6', '5', '23', '2', '000000000000000000000000');
INSERT INTO `seat` VALUES ('4521', '6', '5', '24', '2', '000000000000000000000000');
INSERT INTO `seat` VALUES ('4522', '6', '5', '25', '4', '000000000000000000000000');
INSERT INTO `seat` VALUES ('4523', '6', '5', '26', '1', '000000000000000000000000');
INSERT INTO `seat` VALUES ('4524', '6', '5', '27', '4', '000000000000000000000000');
INSERT INTO `seat` VALUES ('4525', '6', '5', '28', '2', '000000000000000000000000');
INSERT INTO `seat` VALUES ('4526', '6', '5', '29', '3', '000000000000000000000000');
INSERT INTO `seat` VALUES ('4527', '6', '5', '30', '2', '000000000000000000000000');
INSERT INTO `seat` VALUES ('4528', '6', '5', '31', '2', '000000000000000000000000');
INSERT INTO `seat` VALUES ('4529', '6', '5', '32', '2', '000000000000000000000000');
INSERT INTO `seat` VALUES ('4530', '6', '5', '33', '2', '000000000000000000000000');
INSERT INTO `seat` VALUES ('4531', '6', '5', '34', '2', '000000000000000000000000');
INSERT INTO `seat` VALUES ('4532', '6', '5', '35', '3', '000000000000000000000000');
INSERT INTO `seat` VALUES ('4533', '6', '5', '36', '4', '000000000000000000000000');
INSERT INTO `seat` VALUES ('4534', '6', '5', '37', '4', '000000000000000000000000');
INSERT INTO `seat` VALUES ('4535', '6', '5', '38', '1', '000000000000000000000000');
INSERT INTO `seat` VALUES ('4536', '6', '5', '39', '2', '000000000000000000000000');
INSERT INTO `seat` VALUES ('4537', '6', '5', '40', '3', '000000000000000000000000');
INSERT INTO `seat` VALUES ('4538', '6', '5', '41', '4', '000000000000000000000000');
INSERT INTO `seat` VALUES ('4539', '6', '5', '42', '3', '000000000000000000000000');
INSERT INTO `seat` VALUES ('4540', '6', '5', '43', '2', '000000000000000000000000');
INSERT INTO `seat` VALUES ('4541', '6', '5', '44', '2', '000000000000000000000000');
INSERT INTO `seat` VALUES ('4542', '6', '5', '45', '3', '000000000000000000000000');
INSERT INTO `seat` VALUES ('4543', '6', '5', '46', '3', '000000000000000000000000');
INSERT INTO `seat` VALUES ('4544', '6', '5', '47', '1', '000000000000000000000000');
INSERT INTO `seat` VALUES ('4545', '6', '5', '48', '1', '000000000000000000000000');
INSERT INTO `seat` VALUES ('4546', '6', '5', '49', '1', '000000000000000000000000');
INSERT INTO `seat` VALUES ('4547', '6', '5', '50', '2', '000000000000000000000000');
INSERT INTO `seat` VALUES ('4548', '6', '6', '20', '1', '000000000000000000000000');
INSERT INTO `seat` VALUES ('4549', '6', '6', '21', '3', '000000000000000000000000');
INSERT INTO `seat` VALUES ('4550', '6', '6', '22', '4', '000000000000000000000000');
INSERT INTO `seat` VALUES ('4551', '6', '6', '23', '1', '000000000000000000000000');
INSERT INTO `seat` VALUES ('4552', '6', '6', '24', '1', '000000000000000000000000');
INSERT INTO `seat` VALUES ('4553', '6', '6', '25', '4', '000000000000000000000000');
INSERT INTO `seat` VALUES ('4554', '6', '6', '26', '4', '000000000000000000000000');
INSERT INTO `seat` VALUES ('4555', '6', '6', '27', '2', '000000000000000000000000');
INSERT INTO `seat` VALUES ('4556', '6', '6', '28', '3', '000000000000000000000000');
INSERT INTO `seat` VALUES ('4557', '6', '6', '29', '1', '000000000000000000000000');
INSERT INTO `seat` VALUES ('4558', '6', '6', '30', '1', '000000000000000000000000');
INSERT INTO `seat` VALUES ('4559', '6', '6', '31', '2', '000000000000000000000000');
INSERT INTO `seat` VALUES ('4560', '6', '6', '32', '2', '000000000000000000000000');
INSERT INTO `seat` VALUES ('4561', '6', '6', '33', '1', '000000000000000000000000');
INSERT INTO `seat` VALUES ('4562', '6', '6', '34', '1', '000000000000000000000000');
INSERT INTO `seat` VALUES ('4563', '6', '6', '35', '1', '000000000000000000000000');
INSERT INTO `seat` VALUES ('4564', '6', '6', '36', '4', '000000000000000000000000');
INSERT INTO `seat` VALUES ('4565', '6', '6', '37', '4', '000000000000000000000000');
INSERT INTO `seat` VALUES ('4566', '6', '6', '38', '4', '000000000000000000000000');
INSERT INTO `seat` VALUES ('4567', '6', '6', '39', '1', '000000000000000000000000');
INSERT INTO `seat` VALUES ('4568', '6', '6', '40', '3', '000000000000000000000000');
INSERT INTO `seat` VALUES ('4569', '6', '6', '41', '1', '000000000000000000000000');
INSERT INTO `seat` VALUES ('4570', '6', '6', '42', '3', '000000000000000000000000');
INSERT INTO `seat` VALUES ('4571', '6', '6', '43', '4', '000000000000000000000000');
INSERT INTO `seat` VALUES ('4572', '6', '6', '44', '1', '000000000000000000000000');
INSERT INTO `seat` VALUES ('4573', '6', '6', '45', '2', '000000000000000000000000');
INSERT INTO `seat` VALUES ('4574', '6', '6', '46', '2', '000000000000000000000000');
INSERT INTO `seat` VALUES ('4575', '6', '6', '47', '1', '000000000000000000000000');
INSERT INTO `seat` VALUES ('4576', '6', '6', '48', '2', '000000000000000000000000');
INSERT INTO `seat` VALUES ('4577', '6', '6', '49', '3', '000000000000000000000000');
INSERT INTO `seat` VALUES ('4578', '6', '6', '50', '2', '000000000000000000000000');
INSERT INTO `seat` VALUES ('4579', '6', '7', '20', '2', '000000000000000000000000');
INSERT INTO `seat` VALUES ('4580', '6', '7', '21', '3', '000000000000000000000000');
INSERT INTO `seat` VALUES ('4581', '6', '7', '22', '1', '000000000000000000000000');
INSERT INTO `seat` VALUES ('4582', '6', '7', '23', '3', '000000000000000000000000');
INSERT INTO `seat` VALUES ('4583', '6', '7', '24', '1', '000000000000000000000000');
INSERT INTO `seat` VALUES ('4584', '6', '7', '25', '4', '000000000000000000100000');
INSERT INTO `seat` VALUES ('4585', '6', '7', '26', '3', '000000000000000000000000');
INSERT INTO `seat` VALUES ('4586', '6', '7', '27', '2', '000000000000000000000000');
INSERT INTO `seat` VALUES ('4587', '6', '7', '28', '3', '000000000000000000000000');
INSERT INTO `seat` VALUES ('4588', '6', '7', '29', '4', '000000000000000000100000');
INSERT INTO `seat` VALUES ('4589', '6', '7', '30', '1', '000000000000000000000000');
INSERT INTO `seat` VALUES ('4590', '6', '7', '31', '3', '000000000000000000000000');
INSERT INTO `seat` VALUES ('4591', '6', '7', '32', '4', '000000000000000000100000');
INSERT INTO `seat` VALUES ('4592', '6', '7', '33', '1', '000000000000000000000000');
INSERT INTO `seat` VALUES ('4593', '6', '7', '34', '3', '000000000000000000000000');
INSERT INTO `seat` VALUES ('4594', '6', '7', '35', '3', '000000000000000000000000');
INSERT INTO `seat` VALUES ('4595', '6', '7', '36', '4', '000000000000000000100000');
INSERT INTO `seat` VALUES ('4596', '6', '7', '37', '4', '000000000000000000100000');
INSERT INTO `seat` VALUES ('4597', '6', '7', '38', '4', '000000000000000000100000');
INSERT INTO `seat` VALUES ('4598', '6', '7', '39', '3', '000000000000000000000000');
INSERT INTO `seat` VALUES ('4599', '6', '7', '40', '4', '000000000000000000100010');
INSERT INTO `seat` VALUES ('4600', '6', '7', '41', '1', '000000000000000000000000');
INSERT INTO `seat` VALUES ('4601', '6', '7', '42', '3', '000000000000000000000000');
INSERT INTO `seat` VALUES ('4602', '6', '7', '43', '4', '000000000000000000100010');
INSERT INTO `seat` VALUES ('4603', '6', '7', '44', '3', '000000000000000000000000');
INSERT INTO `seat` VALUES ('4604', '6', '7', '45', '1', '000000000000000000000000');
INSERT INTO `seat` VALUES ('4605', '6', '7', '46', '2', '000000000000000000000000');
INSERT INTO `seat` VALUES ('4606', '6', '7', '47', '4', '000000010000000000100010');
INSERT INTO `seat` VALUES ('4607', '6', '7', '48', '1', '000000000000000000000000');
INSERT INTO `seat` VALUES ('4608', '6', '7', '49', '4', '000000010000000000100010');
INSERT INTO `seat` VALUES ('4609', '6', '7', '50', '4', '000000010000000000100010');
INSERT INTO `seat` VALUES ('4610', '6', '8', '20', '3', '000000000000000000000000');
INSERT INTO `seat` VALUES ('4611', '6', '8', '21', '3', '000000000000000000000000');
INSERT INTO `seat` VALUES ('4612', '6', '8', '22', '4', '000000010000000000100010');
INSERT INTO `seat` VALUES ('4613', '6', '8', '23', '2', '000000000000000000000000');
INSERT INTO `seat` VALUES ('4614', '6', '8', '24', '4', '000000010000000000100010');
INSERT INTO `seat` VALUES ('4615', '6', '8', '25', '4', '000000010000000000100010');
INSERT INTO `seat` VALUES ('4616', '6', '8', '26', '2', '000000000000000000000000');
INSERT INTO `seat` VALUES ('4617', '6', '8', '27', '3', '000000000000000000100000');
INSERT INTO `seat` VALUES ('4618', '6', '8', '28', '3', '000000000000000000100000');
INSERT INTO `seat` VALUES ('4619', '6', '8', '29', '3', '000000010000000000100010');
INSERT INTO `seat` VALUES ('4620', '6', '8', '30', '2', '000000000000000000000000');
INSERT INTO `seat` VALUES ('4621', '6', '8', '31', '2', '000000000000000000000000');
INSERT INTO `seat` VALUES ('4622', '6', '8', '32', '3', '000000010000000000100010');
INSERT INTO `seat` VALUES ('4623', '6', '8', '33', '1', '000000000000000000000000');
INSERT INTO `seat` VALUES ('4624', '6', '8', '34', '1', '000000000000000000000000');
INSERT INTO `seat` VALUES ('4625', '6', '8', '35', '2', '000000000000000000000000');
INSERT INTO `seat` VALUES ('4626', '6', '8', '36', '2', '000000000000000000000000');
INSERT INTO `seat` VALUES ('4627', '6', '8', '37', '1', '000000000000000000000000');
INSERT INTO `seat` VALUES ('4628', '6', '8', '38', '3', '000000010000000000100010');
INSERT INTO `seat` VALUES ('4629', '6', '8', '39', '3', '000000010000000000100010');
INSERT INTO `seat` VALUES ('4630', '6', '8', '40', '2', '000000000000000000000000');
INSERT INTO `seat` VALUES ('4631', '6', '8', '41', '2', '000000000000000000000000');
INSERT INTO `seat` VALUES ('4632', '6', '8', '42', '3', '000000010000000000100010');
INSERT INTO `seat` VALUES ('4633', '6', '8', '43', '3', '000000010000000000101010');
INSERT INTO `seat` VALUES ('4634', '6', '8', '44', '3', '000000010000000000101010');
INSERT INTO `seat` VALUES ('4635', '6', '8', '45', '2', '000000000000000000000000');
INSERT INTO `seat` VALUES ('4636', '6', '8', '46', '2', '000000000000000000000000');
INSERT INTO `seat` VALUES ('4637', '6', '8', '47', '3', '000000010000000000101010');
INSERT INTO `seat` VALUES ('4638', '6', '8', '48', '1', '000000000000000000000000');
INSERT INTO `seat` VALUES ('4639', '6', '8', '49', '1', '000000000000000000000000');
INSERT INTO `seat` VALUES ('4640', '6', '8', '50', '1', '000000000000000000000000');
INSERT INTO `seat` VALUES ('4641', '6', '9', '20', '4', '000000010000000000100010');
INSERT INTO `seat` VALUES ('4642', '6', '9', '21', '2', '000000000000000000000000');
INSERT INTO `seat` VALUES ('4643', '6', '9', '22', '1', '000000000000000000000000');
INSERT INTO `seat` VALUES ('4644', '6', '9', '23', '1', '000000000000000000000000');
INSERT INTO `seat` VALUES ('4645', '6', '9', '24', '3', '000000010000000000101010');
INSERT INTO `seat` VALUES ('4646', '6', '9', '25', '2', '000000000000000000000000');
INSERT INTO `seat` VALUES ('4647', '6', '9', '26', '2', '000000000000000000000000');
INSERT INTO `seat` VALUES ('4648', '6', '9', '27', '1', '000000000000000000000000');
INSERT INTO `seat` VALUES ('4649', '6', '9', '28', '3', '000001010000000000101010');
INSERT INTO `seat` VALUES ('4650', '6', '9', '29', '2', '000000000000000000000010');
INSERT INTO `seat` VALUES ('4651', '6', '9', '30', '3', '000001010000000000101010');
INSERT INTO `seat` VALUES ('4652', '6', '9', '31', '4', '000000010000000000100010');
INSERT INTO `seat` VALUES ('4653', '6', '9', '32', '4', '000001010000000000100010');
INSERT INTO `seat` VALUES ('4654', '6', '9', '33', '3', '000001010000000000101010');
INSERT INTO `seat` VALUES ('4655', '6', '9', '34', '2', '000000000000000000000010');
INSERT INTO `seat` VALUES ('4656', '6', '9', '35', '3', '000001010000000000101010');
INSERT INTO `seat` VALUES ('4657', '6', '9', '36', '4', '000001010000000000100010');
INSERT INTO `seat` VALUES ('4658', '6', '9', '37', '2', '000000000000000000000010');
INSERT INTO `seat` VALUES ('4659', '6', '9', '38', '4', '000001010000000010100010');
INSERT INTO `seat` VALUES ('4660', '6', '9', '39', '4', '000001110000000010100010');
INSERT INTO `seat` VALUES ('4661', '6', '9', '40', '2', '000000000000000000000010');
INSERT INTO `seat` VALUES ('4662', '6', '9', '41', '2', '000000000000000000000010');
INSERT INTO `seat` VALUES ('4663', '6', '9', '42', '4', '000001110000000010100010');
INSERT INTO `seat` VALUES ('4664', '6', '9', '43', '1', '000000000000000000000000');
INSERT INTO `seat` VALUES ('4665', '6', '9', '44', '1', '000000000000000000000000');
INSERT INTO `seat` VALUES ('4666', '6', '9', '45', '2', '000000000000000000000010');
INSERT INTO `seat` VALUES ('4667', '6', '9', '46', '2', '000000000000000000000010');
INSERT INTO `seat` VALUES ('4668', '6', '9', '47', '4', '000001110000000010111010');
INSERT INTO `seat` VALUES ('4669', '6', '9', '48', '1', '000000000000000000000000');
INSERT INTO `seat` VALUES ('4670', '6', '9', '49', '3', '000001010000000000101010');
INSERT INTO `seat` VALUES ('4671', '6', '9', '50', '4', '000001110000000010111010');
INSERT INTO `seat` VALUES ('4672', '6', '10', '20', '3', '000001010000000010101010');
INSERT INTO `seat` VALUES ('4673', '6', '10', '21', '1', '000000000000000000000000');
INSERT INTO `seat` VALUES ('4674', '6', '10', '22', '3', '000001010000000010101010');
INSERT INTO `seat` VALUES ('4675', '6', '10', '23', '1', '000000000000000000000000');
INSERT INTO `seat` VALUES ('4676', '6', '10', '24', '2', '000000000000000000000010');
INSERT INTO `seat` VALUES ('4677', '6', '10', '25', '2', '000000000000000000001010');
INSERT INTO `seat` VALUES ('4678', '6', '10', '26', '4', '000001110000000010111010');
INSERT INTO `seat` VALUES ('4679', '6', '10', '27', '2', '000000010000000000001010');
INSERT INTO `seat` VALUES ('4680', '6', '10', '28', '1', '000000000000000000000000');
INSERT INTO `seat` VALUES ('4681', '6', '10', '29', '3', '000001010000000010111010');
INSERT INTO `seat` VALUES ('4682', '6', '10', '30', '4', '000001110000000010111010');
INSERT INTO `seat` VALUES ('4683', '6', '10', '31', '3', '000001010000000010111010');
INSERT INTO `seat` VALUES ('4684', '6', '10', '32', '4', '000001110000000010111010');
INSERT INTO `seat` VALUES ('4685', '6', '10', '33', '3', '000001010000000010111010');
INSERT INTO `seat` VALUES ('4686', '6', '10', '34', '2', '000000010001000000001010');
INSERT INTO `seat` VALUES ('4687', '6', '10', '35', '3', '000001011000000010111010');
INSERT INTO `seat` VALUES ('4688', '6', '10', '36', '3', '000001111000000010111010');
INSERT INTO `seat` VALUES ('4689', '6', '10', '37', '4', '000001110000000010111010');
INSERT INTO `seat` VALUES ('4690', '6', '10', '38', '4', '000001110000001010111010');
INSERT INTO `seat` VALUES ('4691', '6', '10', '39', '3', '000001111000000010111010');
INSERT INTO `seat` VALUES ('4692', '6', '10', '40', '4', '000001110000001010111010');
INSERT INTO `seat` VALUES ('4693', '6', '10', '41', '4', '000001110000001010111010');
INSERT INTO `seat` VALUES ('4694', '6', '10', '42', '1', '000000000000000000000000');
INSERT INTO `seat` VALUES ('4695', '6', '10', '43', '4', '000001110000001010111010');
INSERT INTO `seat` VALUES ('4696', '6', '10', '44', '2', '000000010001000000001010');
INSERT INTO `seat` VALUES ('4697', '6', '10', '45', '4', '000001110000001010111010');
INSERT INTO `seat` VALUES ('4698', '6', '10', '46', '3', '100001111000000011111010');
INSERT INTO `seat` VALUES ('4699', '6', '10', '47', '2', '000000010001000010001010');
INSERT INTO `seat` VALUES ('4700', '6', '10', '48', '3', '100001111001101011111010');
INSERT INTO `seat` VALUES ('4701', '6', '10', '49', '2', '000000010001000010101010');
INSERT INTO `seat` VALUES ('4702', '6', '10', '50', '4', '000001110000001010111010');
INSERT INTO `seat` VALUES ('4703', '6', '11', '20', '3', '100001111001101011111010');
INSERT INTO `seat` VALUES ('4704', '6', '11', '21', '1', '000000000000000000000000');
INSERT INTO `seat` VALUES ('4705', '6', '11', '22', '2', '000000010001000010101010');
INSERT INTO `seat` VALUES ('4706', '6', '11', '23', '1', '000000000000000000000000');
INSERT INTO `seat` VALUES ('4707', '6', '11', '24', '1', '000000000000000000000000');
INSERT INTO `seat` VALUES ('4708', '6', '11', '25', '2', '000000010001000010101010');
INSERT INTO `seat` VALUES ('4709', '6', '11', '26', '1', '000000000000000000000000');
INSERT INTO `seat` VALUES ('4710', '6', '11', '27', '2', '000000010001000010101010');
INSERT INTO `seat` VALUES ('4711', '6', '11', '28', '4', '000001110000001010111010');
INSERT INTO `seat` VALUES ('4712', '6', '11', '29', '1', '000000000000000000000000');
INSERT INTO `seat` VALUES ('4713', '6', '11', '30', '4', '000001111000101010111010');
INSERT INTO `seat` VALUES ('4714', '6', '11', '31', '3', '100001111001101011111010');
INSERT INTO `seat` VALUES ('4715', '6', '11', '32', '2', '000000010001000010101010');
INSERT INTO `seat` VALUES ('4716', '6', '11', '33', '1', '000000000000000000000000');
INSERT INTO `seat` VALUES ('4717', '6', '11', '34', '3', '100001111001101111111010');
INSERT INTO `seat` VALUES ('4718', '6', '11', '35', '4', '000011111000101010111010');
INSERT INTO `seat` VALUES ('4719', '6', '11', '36', '1', '000000000000000000000000');
INSERT INTO `seat` VALUES ('4720', '6', '11', '37', '3', '100001111001111111111010');
INSERT INTO `seat` VALUES ('4721', '6', '11', '38', '1', '000000000000000000000000');
INSERT INTO `seat` VALUES ('4722', '6', '11', '39', '4', '010011111000101010111010');
INSERT INTO `seat` VALUES ('4723', '6', '11', '40', '4', '010011111000101010111010');
INSERT INTO `seat` VALUES ('4724', '6', '11', '41', '1', '000000000000000000000000');
INSERT INTO `seat` VALUES ('4725', '6', '11', '42', '3', '110001111101111111111010');
INSERT INTO `seat` VALUES ('4726', '6', '11', '43', '4', '010011111001101010111010');
INSERT INTO `seat` VALUES ('4727', '6', '11', '44', '4', '010011111011101010111010');
INSERT INTO `seat` VALUES ('4728', '6', '11', '45', '4', '010011111011101010111010');
INSERT INTO `seat` VALUES ('4729', '6', '11', '46', '1', '000000001000000000000000');
INSERT INTO `seat` VALUES ('4730', '6', '11', '47', '1', '000000001000000000000000');
INSERT INTO `seat` VALUES ('4731', '6', '11', '48', '2', '000000010001000010101010');
INSERT INTO `seat` VALUES ('4732', '6', '11', '49', '4', '010011111011101011111010');
INSERT INTO `seat` VALUES ('4733', '6', '11', '50', '4', '010011111011101011111110');
INSERT INTO `seat` VALUES ('4734', '6', '12', '20', '2', '000000010001000010101010');
INSERT INTO `seat` VALUES ('4735', '6', '12', '21', '4', '110011111011101011111110');
INSERT INTO `seat` VALUES ('4736', '6', '12', '22', '4', '110011111011101011111110');
INSERT INTO `seat` VALUES ('4737', '6', '12', '23', '3', '110001111101111111111010');
INSERT INTO `seat` VALUES ('4738', '6', '12', '24', '3', '110001111101111111111010');
INSERT INTO `seat` VALUES ('4739', '6', '12', '25', '4', '110011111011101011111110');
INSERT INTO `seat` VALUES ('4740', '6', '12', '26', '3', '110001111101111111111010');
INSERT INTO `seat` VALUES ('4741', '6', '12', '27', '2', '010000010001000010101010');
INSERT INTO `seat` VALUES ('4742', '6', '12', '28', '2', '010000010001000010101010');
INSERT INTO `seat` VALUES ('4743', '6', '12', '29', '2', '010000011001000010101010');
INSERT INTO `seat` VALUES ('4744', '6', '12', '30', '2', '010000011001000010101010');
INSERT INTO `seat` VALUES ('4745', '6', '12', '31', '3', '110001111101111111111110');
INSERT INTO `seat` VALUES ('4746', '6', '12', '32', '1', '000000001000000000000010');
INSERT INTO `seat` VALUES ('4747', '6', '12', '33', '3', '110101111101111111111110');
INSERT INTO `seat` VALUES ('4748', '6', '12', '34', '3', '110101111101111111111110');
INSERT INTO `seat` VALUES ('4749', '6', '12', '35', '1', '000001011000000000000010');
INSERT INTO `seat` VALUES ('4750', '6', '12', '36', '4', '110011111011101011111110');
INSERT INTO `seat` VALUES ('4751', '6', '12', '37', '3', '110101111101111111111110');
INSERT INTO `seat` VALUES ('4752', '6', '12', '38', '1', '000001011000000000000010');
INSERT INTO `seat` VALUES ('4753', '6', '12', '39', '2', '010010011001000010101010');
INSERT INTO `seat` VALUES ('4754', '6', '12', '40', '4', '110011111011101111111110');
INSERT INTO `seat` VALUES ('4755', '6', '12', '41', '1', '000001011001000000000010');
INSERT INTO `seat` VALUES ('4756', '6', '12', '42', '2', '010010011001000010101010');
INSERT INTO `seat` VALUES ('4757', '6', '12', '43', '2', '010011011001000010101010');
INSERT INTO `seat` VALUES ('4758', '6', '12', '44', '3', '110101111101111111111110');
INSERT INTO `seat` VALUES ('4759', '6', '12', '45', '2', '010011011001001010101010');
INSERT INTO `seat` VALUES ('4760', '6', '12', '46', '4', '110011111011101111111110');
INSERT INTO `seat` VALUES ('4761', '6', '12', '47', '4', '110011111011101111111110');
INSERT INTO `seat` VALUES ('4762', '6', '12', '48', '3', '110111111101111111111110');
INSERT INTO `seat` VALUES ('4763', '6', '12', '49', '3', '110111111101111111111110');
INSERT INTO `seat` VALUES ('4764', '6', '12', '50', '4', '110011111011101111111110');
INSERT INTO `seat` VALUES ('4765', '6', '13', '20', '2', '010011011001001010101110');
INSERT INTO `seat` VALUES ('4766', '6', '13', '21', '3', '110111111101111111111110');
INSERT INTO `seat` VALUES ('4767', '6', '13', '22', '3', '110111111101111111111110');
INSERT INTO `seat` VALUES ('4768', '6', '13', '23', '1', '000001011001000000000010');
INSERT INTO `seat` VALUES ('4769', '6', '13', '24', '4', '110011111111101111111110');
INSERT INTO `seat` VALUES ('4770', '6', '13', '25', '3', '110111111111111111111110');
INSERT INTO `seat` VALUES ('4771', '6', '13', '26', '1', '000001011001000000000010');
INSERT INTO `seat` VALUES ('4772', '6', '13', '27', '2', '010111011001001010111110');
INSERT INTO `seat` VALUES ('4773', '6', '13', '28', '4', '110111111111101111111110');
INSERT INTO `seat` VALUES ('4774', '6', '13', '29', '2', '010111111001001010111110');
INSERT INTO `seat` VALUES ('4775', '6', '13', '30', '3', '110111111111111111111110');
INSERT INTO `seat` VALUES ('4776', '6', '13', '31', '4', '110111111111101111111110');
INSERT INTO `seat` VALUES ('4777', '6', '13', '32', '1', '000001011001000010001010');
INSERT INTO `seat` VALUES ('4778', '6', '13', '33', '3', '110111111111111111111110');
INSERT INTO `seat` VALUES ('4779', '6', '13', '34', '4', '110111111111101111111110');
INSERT INTO `seat` VALUES ('4780', '6', '13', '35', '1', '000001011001000010001010');
INSERT INTO `seat` VALUES ('4781', '6', '13', '36', '1', '000001111001001010001010');
INSERT INTO `seat` VALUES ('4782', '6', '13', '37', '3', '110111111111111111111111');
INSERT INTO `seat` VALUES ('4783', '6', '13', '38', '2', '010111111001001010111110');
INSERT INTO `seat` VALUES ('4784', '6', '13', '39', '4', '110111111111111111111110');
INSERT INTO `seat` VALUES ('4785', '6', '13', '40', '4', '110111111111111111111110');
INSERT INTO `seat` VALUES ('4786', '6', '13', '41', '4', '110111111111111111111110');
INSERT INTO `seat` VALUES ('4787', '6', '13', '42', '2', '010111111001001010111110');
INSERT INTO `seat` VALUES ('4788', '6', '13', '43', '3', '110111111111111111111111');
INSERT INTO `seat` VALUES ('4789', '6', '13', '44', '1', '000001111001001010001010');
INSERT INTO `seat` VALUES ('4790', '6', '13', '45', '4', '110111111111111111111111');
INSERT INTO `seat` VALUES ('4791', '6', '13', '46', '1', '000001111001001010001010');
INSERT INTO `seat` VALUES ('4792', '6', '13', '47', '1', '000001111001001010001010');
INSERT INTO `seat` VALUES ('4793', '6', '13', '48', '1', '000001111001001010101010');
INSERT INTO `seat` VALUES ('4794', '6', '13', '49', '4', '110111111111111111111111');
INSERT INTO `seat` VALUES ('4795', '6', '13', '50', '2', '010111111001001010111110');
INSERT INTO `seat` VALUES ('4796', '6', '14', '20', '3', '110111111111111111111111');
INSERT INTO `seat` VALUES ('4797', '6', '14', '21', '1', '000001111001001011101010');
INSERT INTO `seat` VALUES ('4798', '6', '14', '22', '1', '000001111001001011101010');
INSERT INTO `seat` VALUES ('4799', '6', '14', '23', '1', '000001111001001011101010');
INSERT INTO `seat` VALUES ('4800', '6', '14', '24', '2', '110111111001001010111110');
INSERT INTO `seat` VALUES ('4801', '6', '14', '25', '4', '110111111111111111111111');
INSERT INTO `seat` VALUES ('4802', '6', '14', '26', '1', '000001111011101011101010');
INSERT INTO `seat` VALUES ('4803', '6', '14', '27', '4', '110111111111111111111111');
INSERT INTO `seat` VALUES ('4804', '6', '14', '28', '2', '110111111001011010111110');
INSERT INTO `seat` VALUES ('4805', '6', '14', '29', '3', '110111111111111111111111');
INSERT INTO `seat` VALUES ('4806', '6', '14', '30', '1', '100001111011101011101010');
INSERT INTO `seat` VALUES ('4807', '6', '14', '31', '2', '110111111101011010111110');
INSERT INTO `seat` VALUES ('4808', '6', '14', '32', '4', '111111111111111111111111');
INSERT INTO `seat` VALUES ('4809', '6', '14', '33', '3', '110111111111111111111111');
INSERT INTO `seat` VALUES ('4810', '6', '14', '34', '4', '111111111111111111111111');
INSERT INTO `seat` VALUES ('4811', '6', '14', '35', '2', '110111111101011010111110');
INSERT INTO `seat` VALUES ('4812', '6', '14', '36', '3', '110111111111111111111111');
INSERT INTO `seat` VALUES ('4813', '6', '14', '37', '4', '111111111111111111111111');
INSERT INTO `seat` VALUES ('4814', '6', '14', '38', '3', '110111111111111111111111');
INSERT INTO `seat` VALUES ('4815', '6', '14', '39', '4', '111111111111111111111111');
INSERT INTO `seat` VALUES ('4816', '6', '14', '40', '4', '111111111111111111111111');
INSERT INTO `seat` VALUES ('4817', '6', '14', '41', '4', '111111111111111111111111');
INSERT INTO `seat` VALUES ('4818', '6', '14', '42', '3', '110111111111111111111111');
INSERT INTO `seat` VALUES ('4819', '6', '14', '43', '3', '110111111111111111111111');
INSERT INTO `seat` VALUES ('4820', '6', '14', '44', '1', '100001111011101011101011');
INSERT INTO `seat` VALUES ('4821', '6', '14', '45', '4', '111111111111111111111111');
INSERT INTO `seat` VALUES ('4822', '6', '14', '46', '1', '110001111011101011101011');
INSERT INTO `seat` VALUES ('4823', '6', '14', '47', '2', '110111111101011011111110');
INSERT INTO `seat` VALUES ('4824', '6', '14', '48', '2', '110111111111111111111110');
INSERT INTO `seat` VALUES ('4825', '6', '14', '49', '3', '111111111111111111111111');
INSERT INTO `seat` VALUES ('4826', '6', '14', '50', '2', '110111111111111111111111');
INSERT INTO `seat` VALUES ('4827', '6', '15', '20', '1', '110001111011101011101011');
INSERT INTO `seat` VALUES ('4828', '6', '15', '21', '3', '111111111111111111111111');
INSERT INTO `seat` VALUES ('4829', '6', '15', '22', '2', '110111111111111111111111');
INSERT INTO `seat` VALUES ('4830', '6', '15', '23', '3', '111111111111111111111111');
INSERT INTO `seat` VALUES ('4831', '6', '15', '24', '2', '110111111111111111111111');
INSERT INTO `seat` VALUES ('4832', '6', '15', '25', '4', '111111111111111111111111');
INSERT INTO `seat` VALUES ('4833', '6', '15', '26', '3', '111111111111111111111111');
INSERT INTO `seat` VALUES ('4834', '6', '15', '27', '2', '110111111111111111111111');
INSERT INTO `seat` VALUES ('4835', '6', '15', '28', '1', '110001111011101011101011');
INSERT INTO `seat` VALUES ('4836', '6', '15', '29', '2', '110111111111111111111111');
INSERT INTO `seat` VALUES ('4837', '6', '15', '30', '2', '110111111111111111111111');
INSERT INTO `seat` VALUES ('4838', '6', '15', '31', '3', '111111111111111111111111');
INSERT INTO `seat` VALUES ('4839', '6', '15', '32', '3', '111111111111111111111111');
INSERT INTO `seat` VALUES ('4840', '6', '15', '33', '2', '110111111111111111111111');
INSERT INTO `seat` VALUES ('4841', '6', '15', '34', '4', '111111111111111111111111');
INSERT INTO `seat` VALUES ('4842', '6', '15', '35', '4', '111111111111111111111111');
INSERT INTO `seat` VALUES ('4843', '6', '15', '36', '2', '110111111111111111111111');
INSERT INTO `seat` VALUES ('4844', '6', '15', '37', '2', '110111111111111111111111');
INSERT INTO `seat` VALUES ('4845', '6', '15', '38', '4', '111111111111111111111111');
INSERT INTO `seat` VALUES ('4846', '6', '15', '39', '2', '110111111111111111111111');
INSERT INTO `seat` VALUES ('4847', '6', '15', '40', '3', '111111111111111111111111');
INSERT INTO `seat` VALUES ('4848', '6', '15', '41', '4', '111111111111111111111111');
INSERT INTO `seat` VALUES ('4849', '6', '15', '42', '2', '110111111111111111111111');
INSERT INTO `seat` VALUES ('4850', '6', '15', '43', '2', '111111111111111111111111');
INSERT INTO `seat` VALUES ('4851', '6', '15', '44', '4', '111111111111111111111111');
INSERT INTO `seat` VALUES ('4852', '6', '15', '45', '3', '111111111111111111111111');
INSERT INTO `seat` VALUES ('4853', '6', '15', '46', '2', '111111111111111111111111');
INSERT INTO `seat` VALUES ('4854', '6', '15', '47', '3', '111111111111111111111111');
INSERT INTO `seat` VALUES ('4855', '6', '15', '48', '3', '111111111111111111111111');
INSERT INTO `seat` VALUES ('4856', '6', '15', '49', '1', '110001111011101111101011');
INSERT INTO `seat` VALUES ('4857', '6', '15', '50', '4', '111111111111111111111111');
INSERT INTO `seat` VALUES ('4858', '6', '16', '20', '3', '111111111111111111111111');
INSERT INTO `seat` VALUES ('4859', '6', '16', '21', '2', '111111111111111111111111');
INSERT INTO `seat` VALUES ('4860', '6', '16', '22', '1', '110101111011101111101011');
INSERT INTO `seat` VALUES ('4861', '6', '16', '23', '2', '111111111111111111111111');
INSERT INTO `seat` VALUES ('4862', '6', '16', '24', '1', '110101111011101111111011');
INSERT INTO `seat` VALUES ('4863', '6', '16', '25', '1', '110101111011101111111011');
INSERT INTO `seat` VALUES ('4864', '6', '16', '26', '1', '110111111111101111111011');
INSERT INTO `seat` VALUES ('4865', '6', '16', '27', '1', '110111111111101111111111');
INSERT INTO `seat` VALUES ('4866', '6', '16', '28', '2', '111111111111111111111111');
INSERT INTO `seat` VALUES ('4867', '6', '16', '29', '3', '111111111111111111111111');
INSERT INTO `seat` VALUES ('4868', '6', '16', '30', '2', '111111111111111111111111');
INSERT INTO `seat` VALUES ('4869', '6', '16', '31', '3', '111111111111111111111111');
INSERT INTO `seat` VALUES ('4870', '6', '16', '32', '4', '111111111111111111111111');
INSERT INTO `seat` VALUES ('4871', '6', '16', '33', '2', '111111111111111111111111');
INSERT INTO `seat` VALUES ('4872', '6', '16', '34', '2', '111111111111111111111111');
INSERT INTO `seat` VALUES ('4873', '6', '16', '35', '3', '111111111111111111111111');
INSERT INTO `seat` VALUES ('4874', '6', '16', '36', '3', '111111111111111111111111');
INSERT INTO `seat` VALUES ('4875', '6', '16', '37', '3', '111111111111111111111111');
INSERT INTO `seat` VALUES ('4876', '6', '16', '38', '1', '111111111111111111111111');
INSERT INTO `seat` VALUES ('4877', '6', '16', '39', '4', '111111111111111111111111');
INSERT INTO `seat` VALUES ('4878', '6', '16', '40', '1', '111111111111111111111111');
INSERT INTO `seat` VALUES ('4879', '6', '16', '41', '3', '111111111111111111111111');
INSERT INTO `seat` VALUES ('4880', '6', '16', '42', '2', '111111111111111111111111');
INSERT INTO `seat` VALUES ('4881', '6', '16', '43', '3', '111111111111111111111111');
INSERT INTO `seat` VALUES ('4882', '6', '16', '44', '1', '111111111111111111111111');
INSERT INTO `seat` VALUES ('4883', '6', '16', '45', '3', '111111111111111111111111');
INSERT INTO `seat` VALUES ('4884', '6', '16', '46', '1', '111111111111111111111111');
INSERT INTO `seat` VALUES ('4885', '6', '16', '47', '2', '111111111111111111111111');
INSERT INTO `seat` VALUES ('4886', '6', '16', '48', '4', '111111111111111111111111');
INSERT INTO `seat` VALUES ('4887', '6', '16', '49', '1', '111111111111111111111111');
INSERT INTO `seat` VALUES ('4888', '6', '16', '50', '3', '111111111111111111111111');
INSERT INTO `seat` VALUES ('4889', '6', '17', '20', '3', '111111111111111111111111');
INSERT INTO `seat` VALUES ('4890', '6', '17', '21', '2', '111111111111111111111111');
INSERT INTO `seat` VALUES ('4891', '6', '17', '22', '2', '111111111111111111111111');
INSERT INTO `seat` VALUES ('4892', '6', '17', '23', '2', '111111111111111111111111');
INSERT INTO `seat` VALUES ('4893', '6', '17', '24', '2', '111111111111111111111111');
INSERT INTO `seat` VALUES ('4894', '6', '17', '25', '4', '111111111111111111111111');
INSERT INTO `seat` VALUES ('4895', '6', '17', '26', '4', '111111111111111111111111');
INSERT INTO `seat` VALUES ('4896', '6', '17', '27', '3', '111111111111111111111111');
INSERT INTO `seat` VALUES ('4897', '6', '17', '28', '4', '111111111111111111111111');
INSERT INTO `seat` VALUES ('4898', '6', '17', '29', '3', '111111111111111111111111');
INSERT INTO `seat` VALUES ('4899', '6', '17', '30', '3', '111111111111111111111111');
INSERT INTO `seat` VALUES ('4900', '6', '17', '31', '1', '111111111111111111111111');
INSERT INTO `seat` VALUES ('4901', '6', '17', '32', '2', '111111111111111111111111');
INSERT INTO `seat` VALUES ('4902', '6', '17', '33', '3', '111111111111111111111111');
INSERT INTO `seat` VALUES ('4903', '6', '17', '34', '1', '111111111111111111111111');
INSERT INTO `seat` VALUES ('4904', '6', '17', '35', '3', '111111111111111111111111');
INSERT INTO `seat` VALUES ('4905', '6', '17', '36', '1', '111111111111111111111111');
INSERT INTO `seat` VALUES ('4906', '6', '17', '37', '1', '111111111111111111111111');
INSERT INTO `seat` VALUES ('4907', '6', '17', '38', '2', '111111111111111111111111');
INSERT INTO `seat` VALUES ('4908', '6', '17', '39', '3', '111111111111111111111111');
INSERT INTO `seat` VALUES ('4909', '6', '17', '40', '2', '111111111111111111111111');
INSERT INTO `seat` VALUES ('4910', '6', '17', '41', '1', '111111111111111111111111');
INSERT INTO `seat` VALUES ('4911', '6', '17', '42', '1', '111111111111111111111111');
INSERT INTO `seat` VALUES ('4912', '6', '17', '43', '1', '111111111111111111111111');
INSERT INTO `seat` VALUES ('4913', '6', '17', '44', '2', '111111111111111111111111');
INSERT INTO `seat` VALUES ('4914', '6', '17', '45', '1', '111111111111111111111111');
INSERT INTO `seat` VALUES ('4915', '6', '17', '46', '3', '111111111111111111111111');
INSERT INTO `seat` VALUES ('4916', '6', '17', '47', '2', '111111111111111111111111');
INSERT INTO `seat` VALUES ('4917', '6', '17', '48', '4', '111111111111111111111111');
INSERT INTO `seat` VALUES ('4918', '6', '17', '49', '2', '111111111111111111111111');
INSERT INTO `seat` VALUES ('4919', '6', '17', '50', '4', '111111111111111111111111');
INSERT INTO `seat` VALUES ('4920', '6', '18', '20', '4', '111111111111111111111111');
INSERT INTO `seat` VALUES ('4921', '6', '18', '21', '1', '111111111111111111111111');
INSERT INTO `seat` VALUES ('4922', '6', '18', '22', '1', '111111111111111111111111');
INSERT INTO `seat` VALUES ('4923', '6', '18', '23', '4', '111111111111111111111111');
INSERT INTO `seat` VALUES ('4924', '6', '18', '24', '4', '111111111111111111111111');
INSERT INTO `seat` VALUES ('4925', '6', '18', '25', '1', '111111111111111111111111');
INSERT INTO `seat` VALUES ('4926', '6', '18', '26', '2', '111111111111111111111111');
INSERT INTO `seat` VALUES ('4927', '6', '18', '27', '2', '111111111111111111111111');
INSERT INTO `seat` VALUES ('4928', '6', '18', '28', '4', '111111111111111111111111');
INSERT INTO `seat` VALUES ('4929', '6', '18', '29', '1', '111111111111111111111111');
INSERT INTO `seat` VALUES ('4930', '6', '18', '30', '4', '111111111111111111111111');
INSERT INTO `seat` VALUES ('4931', '6', '18', '31', '1', '111111111111111111111111');
INSERT INTO `seat` VALUES ('4932', '6', '18', '32', '1', '111111111111111111111111');
INSERT INTO `seat` VALUES ('4933', '6', '18', '33', '3', '111111111111111111111111');
INSERT INTO `seat` VALUES ('4934', '6', '18', '34', '3', '111111111111111111111111');
INSERT INTO `seat` VALUES ('4935', '6', '18', '35', '4', '111111111111111111111111');
INSERT INTO `seat` VALUES ('4936', '6', '18', '36', '4', '111111111111111111111111');
INSERT INTO `seat` VALUES ('4937', '6', '18', '37', '2', '111111111111111111111111');
INSERT INTO `seat` VALUES ('4938', '6', '18', '38', '2', '111111111111111111111111');
INSERT INTO `seat` VALUES ('4939', '6', '18', '39', '4', '111111111111111111111111');
INSERT INTO `seat` VALUES ('4940', '6', '18', '40', '4', '111111111111111111111111');
INSERT INTO `seat` VALUES ('4941', '6', '18', '41', '4', '111111111111111111111111');
INSERT INTO `seat` VALUES ('4942', '6', '18', '42', '1', '111111111111111111111111');
INSERT INTO `seat` VALUES ('4943', '6', '18', '43', '2', '111111111111111111111111');
INSERT INTO `seat` VALUES ('4944', '6', '18', '44', '4', '111111111111111111111111');
INSERT INTO `seat` VALUES ('4945', '6', '18', '45', '2', '111111111111111111111111');
INSERT INTO `seat` VALUES ('4946', '6', '18', '46', '3', '111111111111111111111111');
INSERT INTO `seat` VALUES ('4947', '6', '18', '47', '1', '111111111111111111111111');
INSERT INTO `seat` VALUES ('4948', '6', '18', '48', '4', '111111111111111111111111');
INSERT INTO `seat` VALUES ('4949', '6', '18', '49', '3', '111111111111111111111111');
INSERT INTO `seat` VALUES ('4950', '6', '18', '50', '3', '111111111111111111111111');
INSERT INTO `seat` VALUES ('4951', '1', '1', '20', '5', '000000000000000000000');
INSERT INTO `seat` VALUES ('4952', '1', '1', '21', '5', '000000000000000000000');
INSERT INTO `seat` VALUES ('4953', '1', '1', '22', '6', '000000000000000000000');
INSERT INTO `seat` VALUES ('4954', '1', '1', '23', '6', '000000000000000000000');
INSERT INTO `seat` VALUES ('4955', '1', '1', '24', '7', '000000000000000000000');
INSERT INTO `seat` VALUES ('4956', '1', '1', '25', '7', '000000000000000000000');
INSERT INTO `seat` VALUES ('4957', '1', '1', '26', '6', '000000000000000000000');
INSERT INTO `seat` VALUES ('4958', '1', '1', '27', '5', '000000000000000000000');
INSERT INTO `seat` VALUES ('4959', '1', '1', '28', '5', '000000000000000000000');
INSERT INTO `seat` VALUES ('4960', '1', '1', '29', '5', '000000000000000000000');
INSERT INTO `seat` VALUES ('4961', '1', '1', '30', '7', '000000000000000000000');
INSERT INTO `seat` VALUES ('4962', '1', '1', '31', '5', '000000000000000000000');
INSERT INTO `seat` VALUES ('4963', '1', '1', '32', '6', '000000000000000000000');
INSERT INTO `seat` VALUES ('4964', '1', '1', '33', '6', '000000000000000000000');
INSERT INTO `seat` VALUES ('4965', '1', '1', '34', '6', '000000000000000000000');
INSERT INTO `seat` VALUES ('4966', '1', '1', '35', '5', '000000000000000000000');
INSERT INTO `seat` VALUES ('4967', '1', '1', '36', '5', '000000000000000000000');
INSERT INTO `seat` VALUES ('4968', '1', '1', '37', '6', '000000000000000000000');
INSERT INTO `seat` VALUES ('4969', '1', '1', '38', '5', '000000000000000000000');
INSERT INTO `seat` VALUES ('4970', '1', '1', '39', '7', '000000000000000000000');
INSERT INTO `seat` VALUES ('4971', '1', '1', '40', '7', '000000000000000000000');
INSERT INTO `seat` VALUES ('4972', '1', '1', '41', '6', '000000000000000000000');
INSERT INTO `seat` VALUES ('4973', '1', '1', '42', '7', '000000000000000000000');
INSERT INTO `seat` VALUES ('4974', '1', '1', '43', '7', '000000000000000000000');
INSERT INTO `seat` VALUES ('4975', '1', '1', '44', '6', '000000000000000000000');
INSERT INTO `seat` VALUES ('4976', '1', '1', '45', '6', '000000000000000000000');
INSERT INTO `seat` VALUES ('4977', '1', '1', '46', '6', '000000000000000000000');
INSERT INTO `seat` VALUES ('4978', '1', '1', '47', '7', '000000000000000000000');
INSERT INTO `seat` VALUES ('4979', '1', '1', '48', '7', '000000000000000000000');
INSERT INTO `seat` VALUES ('4980', '1', '1', '49', '5', '000000000000000000000');
INSERT INTO `seat` VALUES ('4981', '1', '1', '50', '7', '000000000000000000000');
INSERT INTO `seat` VALUES ('4982', '1', '2', '20', '5', '000000000000000000000');
INSERT INTO `seat` VALUES ('4983', '1', '2', '21', '5', '000000000000000000000');
INSERT INTO `seat` VALUES ('4984', '1', '2', '22', '6', '000000000000000000000');
INSERT INTO `seat` VALUES ('4985', '1', '2', '23', '7', '000000000000000000000');
INSERT INTO `seat` VALUES ('4986', '1', '2', '24', '5', '000000000000000000000');
INSERT INTO `seat` VALUES ('4987', '1', '2', '25', '6', '000000000000000000000');
INSERT INTO `seat` VALUES ('4988', '1', '2', '26', '7', '000000000000000000000');
INSERT INTO `seat` VALUES ('4989', '1', '2', '27', '5', '000000000000000000000');
INSERT INTO `seat` VALUES ('4990', '1', '2', '28', '5', '000000000000000000000');
INSERT INTO `seat` VALUES ('4991', '1', '2', '29', '7', '000000000000000000000');
INSERT INTO `seat` VALUES ('4992', '1', '2', '30', '5', '000000000000000000000');
INSERT INTO `seat` VALUES ('4993', '1', '2', '31', '5', '000000000000000000000');
INSERT INTO `seat` VALUES ('4994', '1', '2', '32', '5', '000000000000000000000');
INSERT INTO `seat` VALUES ('4995', '1', '2', '33', '5', '000000000000000000000');
INSERT INTO `seat` VALUES ('4996', '1', '2', '34', '5', '000000000000000000000');
INSERT INTO `seat` VALUES ('4997', '1', '2', '35', '7', '000000000000000000000');
INSERT INTO `seat` VALUES ('4998', '1', '2', '36', '5', '000000000000000000000');
INSERT INTO `seat` VALUES ('4999', '1', '2', '37', '6', '000000000000000000000');
INSERT INTO `seat` VALUES ('5000', '1', '2', '38', '7', '000000000000000000000');
INSERT INTO `seat` VALUES ('5001', '1', '2', '39', '5', '000000000000000000000');
INSERT INTO `seat` VALUES ('5002', '1', '2', '40', '7', '000000000000000000000');
INSERT INTO `seat` VALUES ('5003', '1', '2', '41', '6', '000000000000000000000');
INSERT INTO `seat` VALUES ('5004', '1', '2', '42', '5', '000000000000000000000');
INSERT INTO `seat` VALUES ('5005', '1', '2', '43', '5', '000000000000000000000');
INSERT INTO `seat` VALUES ('5006', '1', '2', '44', '7', '000000000000000000000');
INSERT INTO `seat` VALUES ('5007', '1', '2', '45', '6', '000000000000000000000');
INSERT INTO `seat` VALUES ('5008', '1', '2', '46', '7', '000000000000000000000');
INSERT INTO `seat` VALUES ('5009', '1', '2', '47', '5', '000000000000000000000');
INSERT INTO `seat` VALUES ('5010', '1', '2', '48', '5', '000000000000000000000');
INSERT INTO `seat` VALUES ('5011', '1', '2', '49', '6', '000000000000000000000');
INSERT INTO `seat` VALUES ('5012', '1', '2', '50', '7', '000000000000000000000');
INSERT INTO `seat` VALUES ('5013', '1', '3', '20', '7', '000000000000000000000');
INSERT INTO `seat` VALUES ('5014', '1', '3', '21', '7', '000000000000000000000');
INSERT INTO `seat` VALUES ('5015', '1', '3', '22', '6', '000000000000000000000');
INSERT INTO `seat` VALUES ('5016', '1', '3', '23', '5', '000000000000000000000');
INSERT INTO `seat` VALUES ('5017', '1', '3', '24', '6', '000000000000000000000');
INSERT INTO `seat` VALUES ('5018', '1', '3', '25', '5', '000000000000000000000');
INSERT INTO `seat` VALUES ('5019', '1', '3', '26', '7', '000000000000000000000');
INSERT INTO `seat` VALUES ('5020', '1', '3', '27', '5', '000000000000000000000');
INSERT INTO `seat` VALUES ('5021', '1', '3', '28', '6', '000000000000000000000');
INSERT INTO `seat` VALUES ('5022', '1', '3', '29', '5', '000000000000000000000');
INSERT INTO `seat` VALUES ('5023', '1', '3', '30', '7', '000000000000000000000');
INSERT INTO `seat` VALUES ('5024', '1', '3', '31', '7', '000000000000000000000');
INSERT INTO `seat` VALUES ('5025', '1', '3', '32', '6', '000000000000000000000');
INSERT INTO `seat` VALUES ('5026', '1', '3', '33', '6', '000000000000000000000');
INSERT INTO `seat` VALUES ('5027', '1', '3', '34', '6', '000000000000000000000');
INSERT INTO `seat` VALUES ('5028', '1', '3', '35', '5', '000000000000000000000');
INSERT INTO `seat` VALUES ('5029', '1', '3', '36', '7', '000000000000000000000');
INSERT INTO `seat` VALUES ('5030', '1', '3', '37', '5', '000000000000000000000');
INSERT INTO `seat` VALUES ('5031', '1', '3', '38', '5', '000000000000000000000');
INSERT INTO `seat` VALUES ('5032', '1', '3', '39', '6', '000000000000000000000');
INSERT INTO `seat` VALUES ('5033', '1', '3', '40', '7', '000000000000000000000');
INSERT INTO `seat` VALUES ('5034', '1', '3', '41', '6', '000000000000000000000');
INSERT INTO `seat` VALUES ('5035', '1', '3', '42', '6', '000000000000000000000');
INSERT INTO `seat` VALUES ('5036', '1', '3', '43', '5', '000000000000000000000');
INSERT INTO `seat` VALUES ('5037', '1', '3', '44', '6', '000000000000000000000');
INSERT INTO `seat` VALUES ('5038', '1', '3', '45', '6', '000000000000000000000');
INSERT INTO `seat` VALUES ('5039', '1', '3', '46', '7', '000000000000000000000');
INSERT INTO `seat` VALUES ('5040', '1', '3', '47', '5', '000000000000000000000');
INSERT INTO `seat` VALUES ('5041', '1', '3', '48', '7', '000000000000000000000');
INSERT INTO `seat` VALUES ('5042', '1', '3', '49', '6', '000000000000000000000');
INSERT INTO `seat` VALUES ('5043', '1', '3', '50', '7', '000000000000000000000');
INSERT INTO `seat` VALUES ('5044', '1', '4', '20', '5', '000000000000000000000');
INSERT INTO `seat` VALUES ('5045', '1', '4', '21', '6', '000000000000000000000');
INSERT INTO `seat` VALUES ('5046', '1', '4', '22', '7', '000000000000000000000');
INSERT INTO `seat` VALUES ('5047', '1', '4', '23', '7', '000000000000000000000');
INSERT INTO `seat` VALUES ('5048', '1', '4', '24', '6', '000000000000000000000');
INSERT INTO `seat` VALUES ('5049', '1', '4', '25', '6', '000000000000000000000');
INSERT INTO `seat` VALUES ('5050', '1', '4', '26', '5', '000000000000000000000');
INSERT INTO `seat` VALUES ('5051', '1', '4', '27', '6', '000000000000000000000');
INSERT INTO `seat` VALUES ('5052', '1', '4', '28', '5', '000000000000000000000');
INSERT INTO `seat` VALUES ('5053', '1', '4', '29', '5', '000000000000000000000');
INSERT INTO `seat` VALUES ('5054', '1', '4', '30', '6', '000000000000000000000');
INSERT INTO `seat` VALUES ('5055', '1', '4', '31', '6', '000000000000000000000');
INSERT INTO `seat` VALUES ('5056', '1', '4', '32', '6', '000000000000000000000');
INSERT INTO `seat` VALUES ('5057', '1', '4', '33', '5', '000000000000000000000');
INSERT INTO `seat` VALUES ('5058', '1', '4', '34', '5', '000000000000000000000');
INSERT INTO `seat` VALUES ('5059', '1', '4', '35', '6', '000000000000000000000');
INSERT INTO `seat` VALUES ('5060', '1', '4', '36', '6', '000000000000000000000');
INSERT INTO `seat` VALUES ('5061', '1', '4', '37', '6', '000000000000000000000');
INSERT INTO `seat` VALUES ('5062', '1', '4', '38', '7', '000000000000000000000');
INSERT INTO `seat` VALUES ('5063', '1', '4', '39', '7', '000000000000000000000');
INSERT INTO `seat` VALUES ('5064', '1', '4', '40', '7', '000000000000000000000');
INSERT INTO `seat` VALUES ('5065', '1', '4', '41', '6', '000000000000000000000');
INSERT INTO `seat` VALUES ('5066', '1', '4', '42', '6', '000000000000000000000');
INSERT INTO `seat` VALUES ('5067', '1', '4', '43', '7', '000000000000000000000');
INSERT INTO `seat` VALUES ('5068', '1', '4', '44', '5', '000000000000000000000');
INSERT INTO `seat` VALUES ('5069', '1', '4', '45', '6', '000000000000000000000');
INSERT INTO `seat` VALUES ('5070', '1', '4', '46', '5', '000000000000000000000');
INSERT INTO `seat` VALUES ('5071', '1', '4', '47', '6', '000000000000000000000');
INSERT INTO `seat` VALUES ('5072', '1', '4', '48', '7', '000000000000000000000');
INSERT INTO `seat` VALUES ('5073', '1', '4', '49', '6', '000000000000000000000');
INSERT INTO `seat` VALUES ('5074', '1', '4', '50', '5', '000000000000000000000');
INSERT INTO `seat` VALUES ('5075', '1', '5', '20', '6', '000000000000000000000');
INSERT INTO `seat` VALUES ('5076', '1', '5', '21', '6', '000000000000000000000');
INSERT INTO `seat` VALUES ('5077', '1', '5', '22', '6', '000000000000000000000');
INSERT INTO `seat` VALUES ('5078', '1', '5', '23', '5', '000000000000000000000');
INSERT INTO `seat` VALUES ('5079', '1', '5', '24', '7', '000000000000000000000');
INSERT INTO `seat` VALUES ('5080', '1', '5', '25', '5', '000000000000000000000');
INSERT INTO `seat` VALUES ('5081', '1', '5', '26', '7', '000000000000000000000');
INSERT INTO `seat` VALUES ('5082', '1', '5', '27', '5', '000000000000000000000');
INSERT INTO `seat` VALUES ('5083', '1', '5', '28', '6', '000000000000000000000');
INSERT INTO `seat` VALUES ('5084', '1', '5', '29', '7', '000000000000000000000');
INSERT INTO `seat` VALUES ('5085', '1', '5', '30', '5', '000000000000000000000');
INSERT INTO `seat` VALUES ('5086', '1', '5', '31', '6', '000000000000000000000');
INSERT INTO `seat` VALUES ('5087', '1', '5', '32', '6', '000000000000000000000');
INSERT INTO `seat` VALUES ('5088', '1', '5', '33', '7', '000000000000000000000');
INSERT INTO `seat` VALUES ('5089', '1', '5', '34', '6', '000000000000000000000');
INSERT INTO `seat` VALUES ('5090', '1', '5', '35', '5', '000000000000000000000');
INSERT INTO `seat` VALUES ('5091', '1', '5', '36', '6', '000000000000000000000');
INSERT INTO `seat` VALUES ('5092', '1', '5', '37', '7', '000000000000000000000');
INSERT INTO `seat` VALUES ('5093', '1', '5', '38', '5', '000000000000000000000');
INSERT INTO `seat` VALUES ('5094', '1', '5', '39', '5', '000000000000000000000');
INSERT INTO `seat` VALUES ('5095', '1', '5', '40', '7', '000000000000000000000');
INSERT INTO `seat` VALUES ('5096', '1', '5', '41', '6', '000000000000000000000');
INSERT INTO `seat` VALUES ('5097', '1', '5', '42', '7', '000000000000000000000');
INSERT INTO `seat` VALUES ('5098', '1', '5', '43', '6', '000000000000000000000');
INSERT INTO `seat` VALUES ('5099', '1', '5', '44', '7', '000000000000000000000');
INSERT INTO `seat` VALUES ('5100', '1', '5', '45', '6', '000000000000000000000');
INSERT INTO `seat` VALUES ('5101', '1', '5', '46', '6', '000000000000000000000');
INSERT INTO `seat` VALUES ('5102', '1', '5', '47', '7', '000000000000000000000');
INSERT INTO `seat` VALUES ('5103', '1', '5', '48', '7', '000000000000000000000');
INSERT INTO `seat` VALUES ('5104', '1', '5', '49', '7', '000000000000000000000');
INSERT INTO `seat` VALUES ('5105', '1', '5', '50', '5', '000000000000000000000');
INSERT INTO `seat` VALUES ('5106', '1', '6', '20', '7', '000000000000000000000');
INSERT INTO `seat` VALUES ('5107', '1', '6', '21', '7', '000000000000000000000');
INSERT INTO `seat` VALUES ('5108', '1', '6', '22', '5', '000000000000000000000');
INSERT INTO `seat` VALUES ('5109', '1', '6', '23', '7', '000000000000000000000');
INSERT INTO `seat` VALUES ('5110', '1', '6', '24', '7', '000000000000000000000');
INSERT INTO `seat` VALUES ('5111', '1', '6', '25', '6', '000000000000000000000');
INSERT INTO `seat` VALUES ('5112', '1', '6', '26', '7', '000000000000000000000');
INSERT INTO `seat` VALUES ('5113', '1', '6', '27', '7', '000000000000000000000');
INSERT INTO `seat` VALUES ('5114', '1', '6', '28', '7', '000000000000000000000');
INSERT INTO `seat` VALUES ('5115', '1', '6', '29', '6', '000000000000000000000');
INSERT INTO `seat` VALUES ('5116', '1', '6', '30', '5', '000000000000000000000');
INSERT INTO `seat` VALUES ('5117', '1', '6', '31', '7', '000000000000000000000');
INSERT INTO `seat` VALUES ('5118', '1', '6', '32', '5', '000000000000000000000');
INSERT INTO `seat` VALUES ('5119', '1', '6', '33', '5', '000000000000000000000');
INSERT INTO `seat` VALUES ('5120', '1', '6', '34', '7', '000000000000000000000');
INSERT INTO `seat` VALUES ('5121', '1', '6', '35', '5', '000000000000000000000');
INSERT INTO `seat` VALUES ('5122', '1', '6', '36', '7', '000000000000000000000');
INSERT INTO `seat` VALUES ('5123', '1', '6', '37', '5', '000000000000000000000');
INSERT INTO `seat` VALUES ('5124', '1', '6', '38', '5', '000000000000000000000');
INSERT INTO `seat` VALUES ('5125', '1', '6', '39', '7', '000000000000000000000');
INSERT INTO `seat` VALUES ('5126', '1', '6', '40', '7', '000000000000000000000');
INSERT INTO `seat` VALUES ('5127', '1', '6', '41', '6', '000000000000000000000');
INSERT INTO `seat` VALUES ('5128', '1', '6', '42', '6', '000000000000000000000');
INSERT INTO `seat` VALUES ('5129', '1', '6', '43', '5', '000000000000000000000');
INSERT INTO `seat` VALUES ('5130', '1', '6', '44', '5', '000000000000000000000');
INSERT INTO `seat` VALUES ('5131', '1', '6', '45', '5', '000000000000000000000');
INSERT INTO `seat` VALUES ('5132', '1', '6', '46', '5', '000000000000000000000');
INSERT INTO `seat` VALUES ('5133', '1', '6', '47', '5', '000000000000000000000');
INSERT INTO `seat` VALUES ('5134', '1', '6', '48', '5', '000000000000000000000');
INSERT INTO `seat` VALUES ('5135', '1', '6', '49', '7', '000000000000000000000');
INSERT INTO `seat` VALUES ('5136', '1', '6', '50', '6', '000000000000000000000');
INSERT INTO `seat` VALUES ('5137', '1', '7', '20', '6', '000000000000000000000');
INSERT INTO `seat` VALUES ('5138', '1', '7', '21', '7', '000000000000000000000');
INSERT INTO `seat` VALUES ('5139', '1', '7', '22', '5', '000000000000000000000');
INSERT INTO `seat` VALUES ('5140', '1', '7', '23', '7', '000000000000000000000');
INSERT INTO `seat` VALUES ('5141', '1', '7', '24', '7', '000000000000000000000');
INSERT INTO `seat` VALUES ('5142', '1', '7', '25', '6', '000000000000000000000');
INSERT INTO `seat` VALUES ('5143', '1', '7', '26', '7', '000000000000000000000');
INSERT INTO `seat` VALUES ('5144', '1', '7', '27', '7', '000000000000000000000');
INSERT INTO `seat` VALUES ('5145', '1', '7', '28', '5', '000000000000000000000');
INSERT INTO `seat` VALUES ('5146', '1', '7', '29', '6', '000000000000000000000');
INSERT INTO `seat` VALUES ('5147', '1', '7', '30', '6', '000000000000000000000');
INSERT INTO `seat` VALUES ('5148', '1', '7', '31', '7', '000000000000000000000');
INSERT INTO `seat` VALUES ('5149', '1', '7', '32', '5', '000000000000000000000');
INSERT INTO `seat` VALUES ('5150', '1', '7', '33', '7', '000000000000000000000');
INSERT INTO `seat` VALUES ('5151', '1', '7', '34', '5', '000000000000000000000');
INSERT INTO `seat` VALUES ('5152', '1', '7', '35', '5', '000000000000000000000');
INSERT INTO `seat` VALUES ('5153', '1', '7', '36', '5', '000000000000000000000');
INSERT INTO `seat` VALUES ('5154', '1', '7', '37', '5', '000000000000000000000');
INSERT INTO `seat` VALUES ('5155', '1', '7', '38', '6', '000000000000000000000');
INSERT INTO `seat` VALUES ('5156', '1', '7', '39', '6', '000000000000000000000');
INSERT INTO `seat` VALUES ('5157', '1', '7', '40', '5', '000000000000000000000');
INSERT INTO `seat` VALUES ('5158', '1', '7', '41', '5', '000000000000000000000');
INSERT INTO `seat` VALUES ('5159', '1', '7', '42', '7', '000000000000000000000');
INSERT INTO `seat` VALUES ('5160', '1', '7', '43', '6', '000000000000000000000');
INSERT INTO `seat` VALUES ('5161', '1', '7', '44', '7', '000000000000000000000');
INSERT INTO `seat` VALUES ('5162', '1', '7', '45', '7', '000000000000000000000');
INSERT INTO `seat` VALUES ('5163', '1', '7', '46', '7', '000000000000000000000');
INSERT INTO `seat` VALUES ('5164', '1', '7', '47', '6', '000000000000000000000');
INSERT INTO `seat` VALUES ('5165', '1', '7', '48', '7', '000000000000000000000');
INSERT INTO `seat` VALUES ('5166', '1', '7', '49', '6', '000000000000000000000');
INSERT INTO `seat` VALUES ('5167', '1', '7', '50', '6', '000000000000000000000');
INSERT INTO `seat` VALUES ('5168', '1', '8', '20', '6', '000000000000000000000');
INSERT INTO `seat` VALUES ('5169', '1', '8', '21', '7', '000000000000000000000');
INSERT INTO `seat` VALUES ('5170', '1', '8', '22', '6', '000000000000000000000');
INSERT INTO `seat` VALUES ('5171', '1', '8', '23', '5', '000000000000000000000');
INSERT INTO `seat` VALUES ('5172', '1', '8', '24', '7', '000000000000000000000');
INSERT INTO `seat` VALUES ('5173', '1', '8', '25', '6', '000000000000000000000');
INSERT INTO `seat` VALUES ('5174', '1', '8', '26', '5', '000000000000000000000');
INSERT INTO `seat` VALUES ('5175', '1', '8', '27', '5', '000000000000000000000');
INSERT INTO `seat` VALUES ('5176', '1', '8', '28', '6', '000000000000000000000');
INSERT INTO `seat` VALUES ('5177', '1', '8', '29', '6', '000000000000000000000');
INSERT INTO `seat` VALUES ('5178', '1', '8', '30', '5', '000000000000000000000');
INSERT INTO `seat` VALUES ('5179', '1', '8', '31', '5', '000000000000000000000');
INSERT INTO `seat` VALUES ('5180', '1', '8', '32', '5', '000000000000000000000');
INSERT INTO `seat` VALUES ('5181', '1', '8', '33', '6', '000000000000000000000');
INSERT INTO `seat` VALUES ('5182', '1', '8', '34', '5', '000000000000000000000');
INSERT INTO `seat` VALUES ('5183', '1', '8', '35', '5', '000000000000000000000');
INSERT INTO `seat` VALUES ('5184', '1', '8', '36', '5', '000000000000000000000');
INSERT INTO `seat` VALUES ('5185', '1', '8', '37', '5', '000000000000000000000');
INSERT INTO `seat` VALUES ('5186', '1', '8', '38', '6', '000000000000000000000');
INSERT INTO `seat` VALUES ('5187', '1', '8', '39', '5', '000000000000000000000');
INSERT INTO `seat` VALUES ('5188', '1', '8', '40', '6', '000000000000000000000');
INSERT INTO `seat` VALUES ('5189', '1', '8', '41', '6', '000000000000000000000');
INSERT INTO `seat` VALUES ('5190', '1', '8', '42', '7', '000000000000000000000');
INSERT INTO `seat` VALUES ('5191', '1', '8', '43', '7', '000000000000000000000');
INSERT INTO `seat` VALUES ('5192', '1', '8', '44', '5', '000000000000000000000');
INSERT INTO `seat` VALUES ('5193', '1', '8', '45', '6', '000000000000000000000');
INSERT INTO `seat` VALUES ('5194', '1', '8', '46', '7', '000000000000000000000');
INSERT INTO `seat` VALUES ('5195', '1', '8', '47', '5', '000000000000000000000');
INSERT INTO `seat` VALUES ('5196', '1', '8', '48', '6', '000000000000000000000');
INSERT INTO `seat` VALUES ('5197', '1', '8', '49', '6', '000000000000000000000');
INSERT INTO `seat` VALUES ('5198', '1', '8', '50', '6', '000000000000000000000');
INSERT INTO `seat` VALUES ('5199', '1', '9', '20', '5', '000000000000000000000');
INSERT INTO `seat` VALUES ('5200', '1', '9', '21', '5', '000000000000000000000');
INSERT INTO `seat` VALUES ('5201', '1', '9', '22', '5', '000000000000000000000');
INSERT INTO `seat` VALUES ('5202', '1', '9', '23', '7', '000000000000000000000');
INSERT INTO `seat` VALUES ('5203', '1', '9', '24', '5', '000000000000000000000');
INSERT INTO `seat` VALUES ('5204', '1', '9', '25', '5', '000000000000000000000');
INSERT INTO `seat` VALUES ('5205', '1', '9', '26', '6', '000000000000000000000');
INSERT INTO `seat` VALUES ('5206', '1', '9', '27', '6', '000000000000000000000');
INSERT INTO `seat` VALUES ('5207', '1', '9', '28', '5', '000000000000000000000');
INSERT INTO `seat` VALUES ('5208', '1', '9', '29', '6', '000000000000000000000');
INSERT INTO `seat` VALUES ('5209', '1', '9', '30', '7', '000000000000000000000');
INSERT INTO `seat` VALUES ('5210', '1', '9', '31', '7', '000000000000000000000');
INSERT INTO `seat` VALUES ('5211', '1', '9', '32', '6', '000000000000000000000');
INSERT INTO `seat` VALUES ('5212', '1', '9', '33', '5', '000000000000000000000');
INSERT INTO `seat` VALUES ('5213', '1', '9', '34', '7', '000000000000000000000');
INSERT INTO `seat` VALUES ('5214', '1', '9', '35', '7', '000000000000000000000');
INSERT INTO `seat` VALUES ('5215', '1', '9', '36', '5', '000000000000000000000');
INSERT INTO `seat` VALUES ('5216', '1', '9', '37', '5', '000000000000000000000');
INSERT INTO `seat` VALUES ('5217', '1', '9', '38', '7', '000000000000000000000');
INSERT INTO `seat` VALUES ('5218', '1', '9', '39', '6', '000000000000000000000');
INSERT INTO `seat` VALUES ('5219', '1', '9', '40', '7', '000000000000000000000');
INSERT INTO `seat` VALUES ('5220', '1', '9', '41', '5', '000000000000000000000');
INSERT INTO `seat` VALUES ('5221', '1', '9', '42', '5', '000000000000000000000');
INSERT INTO `seat` VALUES ('5222', '1', '9', '43', '7', '000000000000000000000');
INSERT INTO `seat` VALUES ('5223', '1', '9', '44', '6', '000000000000000000000');
INSERT INTO `seat` VALUES ('5224', '1', '9', '45', '7', '000000000000000000000');
INSERT INTO `seat` VALUES ('5225', '1', '9', '46', '6', '000000000000000000000');
INSERT INTO `seat` VALUES ('5226', '1', '9', '47', '7', '000000000000000000000');
INSERT INTO `seat` VALUES ('5227', '1', '9', '48', '5', '000001100000000000000');
INSERT INTO `seat` VALUES ('5228', '1', '9', '49', '6', '000000000000000000000');
INSERT INTO `seat` VALUES ('5229', '1', '9', '50', '6', '000000000000000000000');
INSERT INTO `seat` VALUES ('5230', '1', '10', '20', '5', '000001100000000000000');
INSERT INTO `seat` VALUES ('5231', '1', '10', '21', '6', '000000000000000000000');
INSERT INTO `seat` VALUES ('5232', '1', '10', '22', '5', '000001100000000000000');
INSERT INTO `seat` VALUES ('5233', '1', '10', '23', '7', '000000000000000000000');
INSERT INTO `seat` VALUES ('5234', '1', '10', '24', '6', '000000000000000000000');
INSERT INTO `seat` VALUES ('5235', '1', '10', '25', '6', '000000000000000000000');
INSERT INTO `seat` VALUES ('5236', '1', '10', '26', '7', '000000000000000000000');
INSERT INTO `seat` VALUES ('5237', '1', '10', '27', '7', '000000000000000000001');
INSERT INTO `seat` VALUES ('5238', '1', '10', '28', '5', '000001100000000000000');
INSERT INTO `seat` VALUES ('5239', '1', '10', '29', '5', '000001100000000000000');
INSERT INTO `seat` VALUES ('5240', '1', '10', '30', '6', '000000000000000000000');
INSERT INTO `seat` VALUES ('5241', '1', '10', '31', '7', '000000000000000000001');
INSERT INTO `seat` VALUES ('5242', '1', '10', '32', '7', '000000000000000000001');
INSERT INTO `seat` VALUES ('5243', '1', '10', '33', '5', '000001101000000000100');
INSERT INTO `seat` VALUES ('5244', '1', '10', '34', '5', '000001101001000000100');
INSERT INTO `seat` VALUES ('5245', '1', '10', '35', '6', '000000000000000000000');
INSERT INTO `seat` VALUES ('5246', '1', '10', '36', '5', '000101101001000000100');
INSERT INTO `seat` VALUES ('5247', '1', '10', '37', '7', '000000000000000000001');
INSERT INTO `seat` VALUES ('5248', '1', '10', '38', '5', '000101101001000000100');
INSERT INTO `seat` VALUES ('5249', '1', '10', '39', '6', '000000000000000000000');
INSERT INTO `seat` VALUES ('5250', '1', '10', '40', '5', '000101101001000110100');
INSERT INTO `seat` VALUES ('5251', '1', '10', '41', '7', '000000000000000000001');
INSERT INTO `seat` VALUES ('5252', '1', '10', '42', '5', '000101101001000111100');
INSERT INTO `seat` VALUES ('5253', '1', '10', '43', '7', '000000000000000000001');
INSERT INTO `seat` VALUES ('5254', '1', '10', '44', '7', '000000000000000000001');
INSERT INTO `seat` VALUES ('5255', '1', '10', '45', '7', '000000100001000000001');
INSERT INTO `seat` VALUES ('5256', '1', '10', '46', '5', '001101101001101111100');
INSERT INTO `seat` VALUES ('5257', '1', '10', '47', '7', '000000100001000000101');
INSERT INTO `seat` VALUES ('5258', '1', '10', '48', '7', '000000100001000000101');
INSERT INTO `seat` VALUES ('5259', '1', '10', '49', '7', '000000101001000100101');
INSERT INTO `seat` VALUES ('5260', '1', '10', '50', '5', '001101111011101111100');
INSERT INTO `seat` VALUES ('5261', '1', '11', '20', '7', '000000101001000100101');
INSERT INTO `seat` VALUES ('5262', '1', '11', '21', '7', '000000101001000100101');
INSERT INTO `seat` VALUES ('5263', '1', '11', '22', '5', '001101111011101111110');
INSERT INTO `seat` VALUES ('5264', '1', '11', '23', '6', '000000000000000000000');
INSERT INTO `seat` VALUES ('5265', '1', '11', '24', '5', '111101111011101111110');
INSERT INTO `seat` VALUES ('5266', '1', '11', '25', '6', '111111111111111111110');
INSERT INTO `seat` VALUES ('5267', '1', '11', '26', '7', '000000101001000100111');
INSERT INTO `seat` VALUES ('5268', '1', '11', '27', '7', '000100101001100100111');
INSERT INTO `seat` VALUES ('5269', '1', '11', '28', '7', '000100101001100100111');
INSERT INTO `seat` VALUES ('5270', '1', '11', '29', '6', '111111111111111111110');
INSERT INTO `seat` VALUES ('5271', '1', '11', '30', '6', '111111111111111111110');
INSERT INTO `seat` VALUES ('5272', '1', '11', '31', '6', '111111111111111111110');
INSERT INTO `seat` VALUES ('5273', '1', '11', '32', '7', '000100101001100100111');
INSERT INTO `seat` VALUES ('5274', '1', '11', '33', '6', '111111111111111111110');
INSERT INTO `seat` VALUES ('5275', '1', '11', '34', '5', '111101111011101111110');
INSERT INTO `seat` VALUES ('5276', '1', '11', '35', '7', '000100101001100101111');
INSERT INTO `seat` VALUES ('5277', '1', '11', '36', '6', '111111111111111111110');
INSERT INTO `seat` VALUES ('5278', '1', '11', '37', '5', '111101111011101111110');
INSERT INTO `seat` VALUES ('5279', '1', '11', '38', '5', '111101111011111111110');
INSERT INTO `seat` VALUES ('5280', '1', '11', '39', '7', '000100101001100101111');
INSERT INTO `seat` VALUES ('5281', '1', '11', '40', '5', '111111111011111111110');
INSERT INTO `seat` VALUES ('5282', '1', '11', '41', '6', '111111111111111111110');
INSERT INTO `seat` VALUES ('5283', '1', '11', '42', '5', '111111111111111111110');
INSERT INTO `seat` VALUES ('5284', '1', '11', '43', '7', '000100101001100101111');
INSERT INTO `seat` VALUES ('5285', '1', '11', '44', '6', '111111111111111111110');
INSERT INTO `seat` VALUES ('5286', '1', '11', '45', '7', '000100101001100101111');
INSERT INTO `seat` VALUES ('5287', '1', '11', '46', '5', '111111111111111111110');
INSERT INTO `seat` VALUES ('5288', '1', '11', '47', '7', '000100101001100101111');
INSERT INTO `seat` VALUES ('5289', '1', '11', '48', '6', '111111111111111111110');
INSERT INTO `seat` VALUES ('5290', '1', '11', '49', '6', '111111111111111111110');
INSERT INTO `seat` VALUES ('5291', '1', '11', '50', '5', '111111111111111111110');
INSERT INTO `seat` VALUES ('5292', '1', '12', '20', '7', '100100101001110101111');
INSERT INTO `seat` VALUES ('5293', '1', '12', '21', '6', '111111111111111111110');
INSERT INTO `seat` VALUES ('5294', '1', '12', '22', '7', '100101101001110101111');
INSERT INTO `seat` VALUES ('5295', '1', '12', '23', '5', '111111111111111111111');
INSERT INTO `seat` VALUES ('5296', '1', '12', '24', '6', '111111111111111111110');
INSERT INTO `seat` VALUES ('5297', '1', '12', '25', '5', '111111111111111111111');
INSERT INTO `seat` VALUES ('5298', '1', '12', '26', '6', '111111111111111111110');
INSERT INTO `seat` VALUES ('5299', '1', '12', '27', '7', '100101101011110101111');
INSERT INTO `seat` VALUES ('5300', '1', '12', '28', '5', '111111111111111111111');
INSERT INTO `seat` VALUES ('5301', '1', '12', '29', '5', '111111111111111111111');
INSERT INTO `seat` VALUES ('5302', '1', '12', '30', '7', '100101101011110101111');
INSERT INTO `seat` VALUES ('5303', '1', '12', '31', '7', '100101101011110101111');
INSERT INTO `seat` VALUES ('5304', '1', '12', '32', '7', '100101101011110101111');
INSERT INTO `seat` VALUES ('5305', '1', '12', '33', '6', '111111111111111111110');
INSERT INTO `seat` VALUES ('5306', '1', '12', '34', '5', '111111111111111111111');
INSERT INTO `seat` VALUES ('5307', '1', '12', '35', '7', '100101101011110101111');
INSERT INTO `seat` VALUES ('5308', '1', '12', '36', '6', '111111111111111111110');
INSERT INTO `seat` VALUES ('5309', '1', '12', '37', '5', '111111111111111111111');
INSERT INTO `seat` VALUES ('5310', '1', '12', '38', '7', '100101101011110101111');
INSERT INTO `seat` VALUES ('5311', '1', '12', '39', '6', '111111111111111111110');
INSERT INTO `seat` VALUES ('5312', '1', '12', '40', '6', '111111111111111111110');
INSERT INTO `seat` VALUES ('5313', '1', '12', '41', '6', '111111111111111111110');
INSERT INTO `seat` VALUES ('5314', '1', '12', '42', '5', '111111111111111111111');
INSERT INTO `seat` VALUES ('5315', '1', '12', '43', '5', '111111111111111111111');
INSERT INTO `seat` VALUES ('5316', '1', '12', '44', '5', '111111111111111111111');
INSERT INTO `seat` VALUES ('5317', '1', '12', '45', '7', '100101101011110101111');
INSERT INTO `seat` VALUES ('5318', '1', '12', '46', '5', '111111111111111111111');
INSERT INTO `seat` VALUES ('5319', '1', '12', '47', '7', '100101111011110101111');
INSERT INTO `seat` VALUES ('5320', '1', '12', '48', '6', '111111111111111111110');
INSERT INTO `seat` VALUES ('5321', '1', '12', '49', '6', '111111111111111111110');
INSERT INTO `seat` VALUES ('5322', '1', '12', '50', '6', '111111111111111111110');
INSERT INTO `seat` VALUES ('5323', '1', '13', '20', '5', '111111111111111111111');
INSERT INTO `seat` VALUES ('5324', '1', '13', '21', '5', '111111111111111111111');
INSERT INTO `seat` VALUES ('5325', '1', '13', '22', '6', '111111111111111111110');
INSERT INTO `seat` VALUES ('5326', '1', '13', '23', '6', '111111111111111111110');
INSERT INTO `seat` VALUES ('5327', '1', '13', '24', '7', '100101111011110111111');
INSERT INTO `seat` VALUES ('5328', '1', '13', '25', '5', '111111111111111111111');
INSERT INTO `seat` VALUES ('5329', '1', '13', '26', '7', '101101111011110111111');
INSERT INTO `seat` VALUES ('5330', '1', '13', '27', '5', '111111111111111111111');
INSERT INTO `seat` VALUES ('5331', '1', '13', '28', '5', '111111111111111111111');
INSERT INTO `seat` VALUES ('5332', '1', '13', '29', '7', '101101111011110111111');
INSERT INTO `seat` VALUES ('5333', '1', '13', '30', '5', '111111111111111111111');
INSERT INTO `seat` VALUES ('5334', '1', '13', '31', '5', '111111111111111111111');
INSERT INTO `seat` VALUES ('5335', '1', '13', '32', '6', '111111111111111111110');
INSERT INTO `seat` VALUES ('5336', '1', '13', '33', '7', '101101111011111111111');
INSERT INTO `seat` VALUES ('5337', '1', '13', '34', '5', '111111111111111111111');
INSERT INTO `seat` VALUES ('5338', '1', '13', '35', '6', '111111111111111111110');
INSERT INTO `seat` VALUES ('5339', '1', '13', '36', '5', '111111111111111111111');
INSERT INTO `seat` VALUES ('5340', '1', '13', '37', '7', '101101111011111111111');
INSERT INTO `seat` VALUES ('5341', '1', '13', '38', '7', '111101111011111111111');
INSERT INTO `seat` VALUES ('5342', '1', '13', '39', '5', '111111111111111111111');
INSERT INTO `seat` VALUES ('5343', '1', '13', '40', '6', '111111111111111111111');
INSERT INTO `seat` VALUES ('5344', '1', '13', '41', '7', '111101111011111111111');
INSERT INTO `seat` VALUES ('5345', '1', '13', '42', '5', '111111111111111111111');
INSERT INTO `seat` VALUES ('5346', '1', '13', '43', '6', '111111111111111111111');
INSERT INTO `seat` VALUES ('5347', '1', '13', '44', '5', '111111111111111111111');
INSERT INTO `seat` VALUES ('5348', '1', '13', '45', '7', '111101111011111111111');
INSERT INTO `seat` VALUES ('5349', '1', '13', '46', '7', '111101111011111111111');
INSERT INTO `seat` VALUES ('5350', '1', '13', '47', '7', '111101111011111111111');
INSERT INTO `seat` VALUES ('5351', '1', '13', '48', '5', '111111111111111111111');
INSERT INTO `seat` VALUES ('5352', '1', '13', '49', '5', '111111111111111111111');
INSERT INTO `seat` VALUES ('5353', '1', '13', '50', '7', '111101111011111111111');
INSERT INTO `seat` VALUES ('5354', '1', '14', '20', '7', '111101111011111111111');
INSERT INTO `seat` VALUES ('5355', '1', '14', '21', '7', '111101111111111111111');
INSERT INTO `seat` VALUES ('5356', '1', '14', '22', '5', '111111111111111111111');
INSERT INTO `seat` VALUES ('5357', '1', '14', '23', '6', '111111111111111111111');
INSERT INTO `seat` VALUES ('5358', '1', '14', '24', '6', '111111111111111111111');
INSERT INTO `seat` VALUES ('5359', '1', '14', '25', '6', '111111111111111111111');
INSERT INTO `seat` VALUES ('5360', '1', '14', '26', '5', '111111111111111111111');
INSERT INTO `seat` VALUES ('5361', '1', '14', '27', '7', '111111111111111111111');
INSERT INTO `seat` VALUES ('5362', '1', '14', '28', '5', '111111111111111111111');
INSERT INTO `seat` VALUES ('5363', '1', '14', '29', '6', '111111111111111111111');
INSERT INTO `seat` VALUES ('5364', '1', '14', '30', '5', '111111111111111111111');
INSERT INTO `seat` VALUES ('5365', '1', '14', '31', '6', '111111111111111111111');
INSERT INTO `seat` VALUES ('5366', '1', '14', '32', '5', '111111111111111111111');
INSERT INTO `seat` VALUES ('5367', '1', '14', '33', '7', '111111111111111111111');
INSERT INTO `seat` VALUES ('5368', '1', '14', '34', '6', '111111111111111111111');
INSERT INTO `seat` VALUES ('5369', '1', '14', '35', '7', '111111111111111111111');
INSERT INTO `seat` VALUES ('5370', '1', '14', '36', '7', '111111111111111111111');
INSERT INTO `seat` VALUES ('5371', '1', '14', '37', '6', '111111111111111111111');
INSERT INTO `seat` VALUES ('5372', '1', '14', '38', '5', '111111111111111111111');
INSERT INTO `seat` VALUES ('5373', '1', '14', '39', '5', '111111111111111111111');
INSERT INTO `seat` VALUES ('5374', '1', '14', '40', '7', '111111111111111111111');
INSERT INTO `seat` VALUES ('5375', '1', '14', '41', '7', '111111111111111111111');
INSERT INTO `seat` VALUES ('5376', '1', '14', '42', '5', '111111111111111111111');
INSERT INTO `seat` VALUES ('5377', '1', '14', '43', '6', '111111111111111111111');
INSERT INTO `seat` VALUES ('5378', '1', '14', '44', '5', '111111111111111111111');
INSERT INTO `seat` VALUES ('5379', '1', '14', '45', '7', '111111111111111111111');
INSERT INTO `seat` VALUES ('5380', '1', '14', '46', '5', '111111111111111111111');
INSERT INTO `seat` VALUES ('5381', '1', '14', '47', '5', '111111111111111111111');
INSERT INTO `seat` VALUES ('5382', '1', '14', '48', '5', '111111111111111111111');
INSERT INTO `seat` VALUES ('5383', '1', '14', '49', '5', '111111111111111111111');
INSERT INTO `seat` VALUES ('5384', '1', '14', '50', '5', '111111111111111111111');
INSERT INTO `seat` VALUES ('5385', '1', '15', '20', '7', '111111111111111111111');
INSERT INTO `seat` VALUES ('5386', '1', '15', '21', '5', '111111111111111111111');
INSERT INTO `seat` VALUES ('5387', '1', '15', '22', '6', '111111111111111111111');
INSERT INTO `seat` VALUES ('5388', '1', '15', '23', '6', '111111111111111111111');
INSERT INTO `seat` VALUES ('5389', '1', '15', '24', '7', '111111111111111111111');
INSERT INTO `seat` VALUES ('5390', '1', '15', '25', '6', '111111111111111111111');
INSERT INTO `seat` VALUES ('5391', '1', '15', '26', '7', '111111111111111111111');
INSERT INTO `seat` VALUES ('5392', '1', '15', '27', '7', '111111111111111111111');
INSERT INTO `seat` VALUES ('5393', '1', '15', '28', '6', '111111111111111111111');
INSERT INTO `seat` VALUES ('5394', '1', '15', '29', '6', '111111111111111111111');
INSERT INTO `seat` VALUES ('5395', '1', '15', '30', '7', '111111111111111111111');
INSERT INTO `seat` VALUES ('5396', '1', '15', '31', '5', '111111111111111111111');
INSERT INTO `seat` VALUES ('5397', '1', '15', '32', '6', '111111111111111111111');
INSERT INTO `seat` VALUES ('5398', '1', '15', '33', '6', '111111111111111111111');
INSERT INTO `seat` VALUES ('5399', '1', '15', '34', '5', '111111111111111111111');
INSERT INTO `seat` VALUES ('5400', '1', '15', '35', '6', '111111111111111111111');
INSERT INTO `seat` VALUES ('5401', '1', '15', '36', '6', '111111111111111111111');
INSERT INTO `seat` VALUES ('5402', '1', '15', '37', '6', '111111111111111111111');
INSERT INTO `seat` VALUES ('5403', '1', '15', '38', '7', '111111111111111111111');
INSERT INTO `seat` VALUES ('5404', '1', '15', '39', '6', '111111111111111111111');
INSERT INTO `seat` VALUES ('5405', '1', '15', '40', '7', '111111111111111111111');
INSERT INTO `seat` VALUES ('5406', '1', '15', '41', '5', '111111111111111111111');
INSERT INTO `seat` VALUES ('5407', '1', '15', '42', '6', '111111111111111111111');
INSERT INTO `seat` VALUES ('5408', '1', '15', '43', '5', '111111111111111111111');
INSERT INTO `seat` VALUES ('5409', '1', '15', '44', '5', '111111111111111111111');
INSERT INTO `seat` VALUES ('5410', '1', '15', '45', '6', '111111111111111111111');
INSERT INTO `seat` VALUES ('5411', '1', '15', '46', '5', '111111111111111111111');
INSERT INTO `seat` VALUES ('5412', '1', '15', '47', '6', '111111111111111111111');
INSERT INTO `seat` VALUES ('5413', '1', '15', '48', '6', '111111111111111111111');
INSERT INTO `seat` VALUES ('5414', '1', '15', '49', '5', '111111111111111111111');
INSERT INTO `seat` VALUES ('5415', '1', '15', '50', '5', '111111111111111111111');
INSERT INTO `seat` VALUES ('5416', '1', '16', '20', '7', '111111111111111111111');
INSERT INTO `seat` VALUES ('5417', '1', '16', '21', '5', '111111111111111111111');
INSERT INTO `seat` VALUES ('5418', '1', '16', '22', '6', '111111111111111111111');
INSERT INTO `seat` VALUES ('5419', '1', '16', '23', '5', '111111111111111111111');
INSERT INTO `seat` VALUES ('5420', '1', '16', '24', '7', '111111111111111111111');
INSERT INTO `seat` VALUES ('5421', '1', '16', '25', '6', '111111111111111111111');
INSERT INTO `seat` VALUES ('5422', '1', '16', '26', '6', '111111111111111111111');
INSERT INTO `seat` VALUES ('5423', '1', '16', '27', '6', '111111111111111111111');
INSERT INTO `seat` VALUES ('5424', '1', '16', '28', '6', '111111111111111111111');
INSERT INTO `seat` VALUES ('5425', '1', '16', '29', '6', '111111111111111111111');
INSERT INTO `seat` VALUES ('5426', '1', '16', '30', '6', '111111111111111111111');
INSERT INTO `seat` VALUES ('5427', '1', '16', '31', '7', '111111111111111111111');
INSERT INTO `seat` VALUES ('5428', '1', '16', '32', '6', '111111111111111111111');
INSERT INTO `seat` VALUES ('5429', '1', '16', '33', '7', '111111111111111111111');
INSERT INTO `seat` VALUES ('5430', '1', '16', '34', '7', '111111111111111111111');
INSERT INTO `seat` VALUES ('5431', '1', '16', '35', '7', '111111111111111111111');
INSERT INTO `seat` VALUES ('5432', '1', '16', '36', '7', '111111111111111111111');
INSERT INTO `seat` VALUES ('5433', '1', '16', '37', '6', '111111111111111111111');
INSERT INTO `seat` VALUES ('5434', '1', '16', '38', '6', '111111111111111111111');
INSERT INTO `seat` VALUES ('5435', '1', '16', '39', '6', '111111111111111111111');
INSERT INTO `seat` VALUES ('5436', '1', '16', '40', '6', '111111111111111111111');
INSERT INTO `seat` VALUES ('5437', '1', '16', '41', '5', '111111111111111111111');
INSERT INTO `seat` VALUES ('5438', '1', '16', '42', '7', '111111111111111111111');
INSERT INTO `seat` VALUES ('5439', '1', '16', '43', '6', '111111111111111111111');
INSERT INTO `seat` VALUES ('5440', '1', '16', '44', '5', '111111111111111111111');
INSERT INTO `seat` VALUES ('5441', '1', '16', '45', '5', '111111111111111111111');
INSERT INTO `seat` VALUES ('5442', '1', '16', '46', '5', '111111111111111111111');
INSERT INTO `seat` VALUES ('5443', '1', '16', '47', '7', '111111111111111111111');
INSERT INTO `seat` VALUES ('5444', '1', '16', '48', '5', '111111111111111111111');
INSERT INTO `seat` VALUES ('5445', '1', '16', '49', '6', '111111111111111111111');
INSERT INTO `seat` VALUES ('5446', '1', '16', '50', '6', '111111111111111111111');
INSERT INTO `seat` VALUES ('5447', '1', '17', '20', '5', '111111111111111111111');
INSERT INTO `seat` VALUES ('5448', '1', '17', '21', '6', '111111111111111111111');
INSERT INTO `seat` VALUES ('5449', '1', '17', '22', '6', '111111111111111111111');
INSERT INTO `seat` VALUES ('5450', '1', '17', '23', '7', '111111111111111111111');
INSERT INTO `seat` VALUES ('5451', '1', '17', '24', '7', '111111111111111111111');
INSERT INTO `seat` VALUES ('5452', '1', '17', '25', '5', '111111111111111111111');
INSERT INTO `seat` VALUES ('5453', '1', '17', '26', '7', '111111111111111111111');
INSERT INTO `seat` VALUES ('5454', '1', '17', '27', '6', '111111111111111111111');
INSERT INTO `seat` VALUES ('5455', '1', '17', '28', '5', '111111111111111111111');
INSERT INTO `seat` VALUES ('5456', '1', '17', '29', '6', '111111111111111111111');
INSERT INTO `seat` VALUES ('5457', '1', '17', '30', '6', '111111111111111111111');
INSERT INTO `seat` VALUES ('5458', '1', '17', '31', '7', '111111111111111111111');
INSERT INTO `seat` VALUES ('5459', '1', '17', '32', '5', '111111111111111111111');
INSERT INTO `seat` VALUES ('5460', '1', '17', '33', '6', '111111111111111111111');
INSERT INTO `seat` VALUES ('5461', '1', '17', '34', '5', '111111111111111111111');
INSERT INTO `seat` VALUES ('5462', '1', '17', '35', '5', '111111111111111111111');
INSERT INTO `seat` VALUES ('5463', '1', '17', '36', '5', '111111111111111111111');
INSERT INTO `seat` VALUES ('5464', '1', '17', '37', '7', '111111111111111111111');
INSERT INTO `seat` VALUES ('5465', '1', '17', '38', '6', '111111111111111111111');
INSERT INTO `seat` VALUES ('5466', '1', '17', '39', '7', '111111111111111111111');
INSERT INTO `seat` VALUES ('5467', '1', '17', '40', '5', '111111111111111111111');
INSERT INTO `seat` VALUES ('5468', '1', '17', '41', '5', '111111111111111111111');
INSERT INTO `seat` VALUES ('5469', '1', '17', '42', '7', '111111111111111111111');
INSERT INTO `seat` VALUES ('5470', '1', '17', '43', '6', '111111111111111111111');
INSERT INTO `seat` VALUES ('5471', '1', '17', '44', '7', '111111111111111111111');
INSERT INTO `seat` VALUES ('5472', '1', '17', '45', '5', '111111111111111111111');
INSERT INTO `seat` VALUES ('5473', '1', '17', '46', '7', '111111111111111111111');
INSERT INTO `seat` VALUES ('5474', '1', '17', '47', '6', '111111111111111111111');
INSERT INTO `seat` VALUES ('5475', '1', '17', '48', '6', '111111111111111111111');
INSERT INTO `seat` VALUES ('5476', '1', '17', '49', '7', '111111111111111111111');
INSERT INTO `seat` VALUES ('5477', '1', '17', '50', '7', '111111111111111111111');
INSERT INTO `seat` VALUES ('5478', '1', '18', '20', '6', '111111111111111111111');
INSERT INTO `seat` VALUES ('5479', '1', '18', '21', '7', '111111111111111111111');
INSERT INTO `seat` VALUES ('5480', '1', '18', '22', '6', '111111111111111111111');
INSERT INTO `seat` VALUES ('5481', '1', '18', '23', '7', '111111111111111111111');
INSERT INTO `seat` VALUES ('5482', '1', '18', '24', '7', '111111111111111111111');
INSERT INTO `seat` VALUES ('5483', '1', '18', '25', '6', '111111111111111111111');
INSERT INTO `seat` VALUES ('5484', '1', '18', '26', '7', '111111111111111111111');
INSERT INTO `seat` VALUES ('5485', '1', '18', '27', '6', '111111111111111111111');
INSERT INTO `seat` VALUES ('5486', '1', '18', '28', '7', '111111111111111111111');
INSERT INTO `seat` VALUES ('5487', '1', '18', '29', '5', '111111111111111111111');
INSERT INTO `seat` VALUES ('5488', '1', '18', '30', '6', '111111111111111111111');
INSERT INTO `seat` VALUES ('5489', '1', '18', '31', '6', '111111111111111111111');
INSERT INTO `seat` VALUES ('5490', '1', '18', '32', '6', '111111111111111111111');
INSERT INTO `seat` VALUES ('5491', '1', '18', '33', '5', '111111111111111111111');
INSERT INTO `seat` VALUES ('5492', '1', '18', '34', '6', '111111111111111111111');
INSERT INTO `seat` VALUES ('5493', '1', '18', '35', '6', '111111111111111111111');
INSERT INTO `seat` VALUES ('5494', '1', '18', '36', '6', '111111111111111111111');
INSERT INTO `seat` VALUES ('5495', '1', '18', '37', '5', '111111111111111111111');
INSERT INTO `seat` VALUES ('5496', '1', '18', '38', '5', '111111111111111111111');
INSERT INTO `seat` VALUES ('5497', '1', '18', '39', '5', '111111111111111111111');
INSERT INTO `seat` VALUES ('5498', '1', '18', '40', '6', '111111111111111111111');
INSERT INTO `seat` VALUES ('5499', '1', '18', '41', '6', '111111111111111111111');
INSERT INTO `seat` VALUES ('5500', '1', '18', '42', '5', '111111111111111111111');
INSERT INTO `seat` VALUES ('5501', '1', '18', '43', '6', '111111111111111111111');
INSERT INTO `seat` VALUES ('5502', '1', '18', '44', '7', '111111111111111111111');
INSERT INTO `seat` VALUES ('5503', '1', '18', '45', '6', '111111111111111111111');
INSERT INTO `seat` VALUES ('5504', '1', '18', '46', '6', '111111111111111111111');
INSERT INTO `seat` VALUES ('5505', '1', '18', '47', '7', '111111111111111111111');
INSERT INTO `seat` VALUES ('5506', '1', '18', '48', '5', '111111111111111111111');
INSERT INTO `seat` VALUES ('5507', '1', '18', '49', '7', '111111111111111111111');
INSERT INTO `seat` VALUES ('5508', '1', '18', '50', '5', '111111111111111111111');

-- ----------------------------
-- Table structure for ticket
-- ----------------------------
DROP TABLE IF EXISTS `ticket`;
CREATE TABLE `ticket` (
  `id` int(11) NOT NULL AUTO_INCREMENT,
  `passenger_id` int(11) NOT NULL DEFAULT '0' COMMENT '乘客id',
  `train_code` varchar(11) NOT NULL DEFAULT '' COMMENT '车次',
  `from_station` varchar(255) NOT NULL DEFAULT '' COMMENT '起点站',
  `to_station` varchar(255) NOT NULL DEFAULT '' COMMENT '终点站',
  `seat_id` int(11) NOT NULL DEFAULT '0' COMMENT '座位id',
  `ticket_price` decimal(10,2) NOT NULL DEFAULT '0.00' COMMENT '车票价格',
  `ticket_type` tinyint(4) NOT NULL DEFAULT '0' COMMENT '车票类型，0为成人票，1为学生票',
  `ticket_start_time` datetime NOT NULL COMMENT '发车时间',
  `order_id` int(11) NOT NULL DEFAULT '0' COMMENT '车票所属订单',
  `ticket_status` tinyint(4) NOT NULL DEFAULT '0' COMMENT '车票状态 ',
  PRIMARY KEY (`id`)
) ENGINE=MyISAM AUTO_INCREMENT=9 DEFAULT CHARSET=utf8;

-- ----------------------------
-- Records of ticket
-- ----------------------------
INSERT INTO `ticket` VALUES ('5', '1', 'T147', '武昌', '北京', '2299', '3132.00', '1', '2017-10-20 21:31:00', '2', '0');
INSERT INTO `ticket` VALUES ('6', '2', 'T147', '武昌', '北京', '2300', '6263.00', '0', '2017-10-20 21:31:00', '2', '0');
INSERT INTO `ticket` VALUES ('7', '1', 'T147', '武昌', '北京', '2304', '3132.00', '1', '2017-10-21 21:31:00', '3', '0');
INSERT INTO `ticket` VALUES ('8', '2', 'T147', '武昌', '北京', '2310', '6263.00', '0', '2017-10-21 21:31:00', '3', '0');

-- ----------------------------
-- Table structure for train
-- ----------------------------
DROP TABLE IF EXISTS `train`;
CREATE TABLE `train` (
  `id` int(11) NOT NULL AUTO_INCREMENT,
  `train_no` varchar(255) NOT NULL DEFAULT '' COMMENT '车号',
  `train_code` varchar(255) NOT NULL DEFAULT '' COMMENT '车次',
  `start_station` varchar(255) NOT NULL DEFAULT '' COMMENT '始发站',
  `end_station` varchar(255) NOT NULL DEFAULT '' COMMENT '终点站',
  `train_date` datetime NOT NULL COMMENT '出发日期',
  `train_seat_type` varchar(10) NOT NULL DEFAULT '' COMMENT '该列车所拥有的座位类型。1无座2硬座3硬卧4软卧5高级软卧6一等座7二等座8商务座',
  PRIMARY KEY (`id`)
) ENGINE=MyISAM AUTO_INCREMENT=7 DEFAULT CHARSET=utf8;

-- ----------------------------
-- Records of train
-- ----------------------------
INSERT INTO `train` VALUES ('1', '780000G40203', 'G402', '贵阳北', '北京西', '2017-10-15 11:02:48', '678');
INSERT INTO `train` VALUES ('2', '570000T1470E', 'T147', '南昌', '北京', '2017-10-15 12:10:54', '1234');
INSERT INTO `train` VALUES ('3', '76000D226402', 'D2264', '成都东', '杭州东', '2017-10-15 09:05:48', '678');
INSERT INTO `train` VALUES ('4', '420000K1240J', 'K124', '十堰', '上海南', '2017-10-15 21:28:45', '1234');
INSERT INTO `train` VALUES ('5', '110000T1220B', 'T123', '长春', '广州', '2017-10-15 15:31:38', '1234');
INSERT INTO `train` VALUES ('6', '390000Z29203', 'Z292', '汉口', '乌鲁木齐', '2017-10-15 17:40:23', '1234');

-- ----------------------------
-- Table structure for user
-- ----------------------------
DROP TABLE IF EXISTS `user`;
CREATE TABLE `user` (
  `id` int(11) NOT NULL AUTO_INCREMENT,
  `user_name` varchar(255) NOT NULL DEFAULT '' COMMENT '用户名',
  `phone_number` varchar(11) NOT NULL DEFAULT '0' COMMENT '手机号码',
  `password` varchar(255) NOT NULL DEFAULT '' COMMENT '密码',
  `authority` tinyint(4) NOT NULL DEFAULT '0' COMMENT '用户权限',
  `remember_token` tinyint(4) NOT NULL DEFAULT '0' COMMENT '是否记住密码，0代表不记住',
  `salt` varchar(10) NOT NULL DEFAULT '' COMMENT '盐值',
  PRIMARY KEY (`id`)
) ENGINE=MyISAM AUTO_INCREMENT=3 DEFAULT CHARSET=utf8;

-- ----------------------------
-- Records of user
-- ----------------------------
INSERT INTO `user` VALUES ('1', 'liu', '15207153858', '1377723bbf73582400b19210bcd32fff', '0', '0', 'Y6mzdb');
INSERT INTO `user` VALUES ('2', 'liu2', '13512345678', 'beea7bf805bcbd2b3685cd78947d72de', '0', '0', 'SKniA3');
